﻿<?xml version="1.0" encoding="utf-8"?>
<BigDataLog>
  <TimeOfCreation>
    <eventIds />
    <TriggerTimeForEvent>2016-08-04T15:47:19.0130720+00:00</TriggerTimeForEvent>
    <Type>None</Type>
    <Ids />
  </TimeOfCreation>
  <MiscData>
  </MiscData>
  <BeforeProcessing>
    <ScheduleLog>
      <LastIDCounter>1264</LastIDCounter>
      <referenceDay>8:00 AM</referenceDay>
      <EventSchedules />
      <LocationCache>
        <Locations />
      </LocationCache>
    </ScheduleLog>
  </BeforeProcessing>
  <AfterProcessing>
    <ScheduleLog>
      <LastIDCounter>1266</LastIDCounter>
      <referenceDay>8:00 AM</referenceDay>
      <EventSchedules />
      <LocationCache>
        <Locations />
      </LocationCache>
    </ScheduleLog>
  </AfterProcessing>
</BigDataLog>