﻿<?xml version="1.0" encoding="utf-8"?>
<BigDataLog>
  <TimeOfCreation>
    <eventIds />
    <TriggerTimeForEvent>2016-08-04T15:43:57.2639639+00:00</TriggerTimeForEvent>
    <Type>None</Type>
    <Ids />
  </TimeOfCreation>
  <MiscData>
  </MiscData>
  <BeforeProcessing>
    <ScheduleLog>
      <LastIDCounter>1230</LastIDCounter>
      <referenceDay>8:00 AM</referenceDay>
      <EventSchedules />
      <LocationCache>
        <Locations />
      </LocationCache>
    </ScheduleLog>
  </BeforeProcessing>
  <AfterProcessing>
    <ScheduleLog>
      <LastIDCounter>1233</LastIDCounter>
      <referenceDay>8:00 AM</referenceDay>
      <EventSchedules />
      <LocationCache>
        <Locations />
      </LocationCache>
    </ScheduleLog>
  </AfterProcessing>
</BigDataLog>