﻿<?xml version="1.0" encoding="utf-8"?>
<BigDataLog>
  <TimeOfCreation>
    <eventIds />
    <TriggerTimeForEvent>2016-08-04T13:51:10.1077122+00:00</TriggerTimeForEvent>
    <Type>None</Type>
    <Ids />
  </TimeOfCreation>
  <MiscData>
  </MiscData>
  <BeforeProcessing>
    <ScheduleLog>
      <LastIDCounter>1050</LastIDCounter>
      <referenceDay>8:00 AM</referenceDay>
      <EventSchedules>
        <EventSchedule>
          <Recurrence />
          <ProcrastinationProfile>
            <ProcrastinationPreferredStart>1/1/0001 12:00:00 AM +00:00</ProcrastinationPreferredStart>
            <ProcrastinationDislikedStart>1/1/0001 12:00:00 AM +00:00</ProcrastinationDislikedStart>
            <ProcrastinationDislikedDaySection>0</ProcrastinationDislikedDaySection>
          </ProcrastinationProfile>
          <NowProfile>
            <Initialized>False</Initialized>
            <PreferredStart>1/1/0001 12:00:00 AM +00:00</PreferredStart>
          </NowProfile>
          <Restricted>False</Restricted>
          <MiscData>
            <TypeSelection>0</TypeSelection>
            <UserNote />
          </MiscData>
          <UIParams>
            <Type>0</Type>
            <Color>
              <UserSelection>-1</UserSelection>
              <Blue>127</Blue>
              <Green>127</Green>
              <Red>127</Red>
              <Opacity>1</Opacity>
            </Color>
            <Visible>True</Visible>
          </UIParams>
          <Location>
            <CheckCalendarEvent>False</CheckCalendarEvent>
            <isNull>True</isNull>
            <Description />
            <Address />
            <YCoordinate>40.015</YCoordinate>
            <XCoordinate>105.2705</XCoordinate>
          </Location>
          <Enabled>True</Enabled>
          <ID>1029_7_0_0</ID>
          <Name>TestCalendarEventfeda3dfd-528a-45ce-8034-2c146d2939c3</Name>
          <StartTime>3/18/2016 1:54:00 AM</StartTime>
          <PreDeadline>00:00:00</PreDeadline>
          <DeletionCount>0</DeletionCount>
          <CompletionCount>0</CompletionCount>
          <PrepTime>00:00:00</PrepTime>
          <Deadline>5/18/2016 1:54:00 AM</Deadline>
          <Split>1</Split>
          <Duration>01:00:00</Duration>
          <RigidFlag>True</RigidFlag>
          <EventSubSchedules>
            <EventSubSchedule>
              <PauseInformation>
                <UsedUpTime>00:00:00</UsedUpTime>
                <PauseTime>1/1/0001 12:00:00 AM +00:00</PauseTime>
              </PauseInformation>
              <Restricted>False</Restricted>
              <ConflictProfile>
                <ConflictIDs />
                <Flag>False</Flag>
                <Type>0</Type>
              </ConflictProfile>
              <MiscData>
                <TypeSelection>0</TypeSelection>
                <UserNote />
              </MiscData>
              <UIParams>
                <Type>0</Type>
                <Color>
                  <UserSelection>-1</UserSelection>
                  <Blue>127</Blue>
                  <Green>127</Green>
                  <Red>127</Red>
                  <Opacity>1</Opacity>
                </Color>
                <Visible>True</Visible>
              </UIParams>
              <Location>
                <CheckCalendarEvent>False</CheckCalendarEvent>
                <isNull>True</isNull>
                <Description />
                <Address />
                <YCoordinate>40.015</YCoordinate>
                <XCoordinate>105.2705</XCoordinate>
              </Location>
              <Complete>False</Complete>
              <Enabled>True</Enabled>
              <ID>1029_7_0_1030</ID>
              <Rigid>True</Rigid>
              <ThirdPartyID />
              <PrepTime>00:00:00</PrepTime>
              <ActiveStartTime>5/19/2016 4:54:55 PM</ActiveStartTime>
              <ActiveEndTime>5/19/2016 5:54:55 PM</ActiveEndTime>
              <Duration>01:00:00</Duration>
              <StartTime>5/19/2016 4:54:55 PM</StartTime>
              <EndTime>5/19/2016 5:54:55 PM</EndTime>
            </EventSubSchedule>
          </EventSubSchedules>
          <RepetitionFlag>False</RepetitionFlag>
          <Completed>False</Completed>
        </EventSchedule>
        <EventSchedule>
          <Recurrence />
          <ProcrastinationProfile>
            <ProcrastinationPreferredStart>1/1/0001 12:00:00 AM +00:00</ProcrastinationPreferredStart>
            <ProcrastinationDislikedStart>1/1/0001 12:00:00 AM +00:00</ProcrastinationDislikedStart>
            <ProcrastinationDislikedDaySection>0</ProcrastinationDislikedDaySection>
          </ProcrastinationProfile>
          <NowProfile>
            <Initialized>False</Initialized>
            <PreferredStart>1/1/0001 12:00:00 AM +00:00</PreferredStart>
          </NowProfile>
          <Restricted>False</Restricted>
          <MiscData>
            <TypeSelection>0</TypeSelection>
            <UserNote />
          </MiscData>
          <UIParams>
            <Type>0</Type>
            <Color>
              <UserSelection>-1</UserSelection>
              <Blue>127</Blue>
              <Green>127</Green>
              <Red>127</Red>
              <Opacity>1</Opacity>
            </Color>
            <Visible>True</Visible>
          </UIParams>
          <Location>
            <CheckCalendarEvent>False</CheckCalendarEvent>
            <isNull>True</isNull>
            <Description />
            <Address />
            <YCoordinate>40.015</YCoordinate>
            <XCoordinate>105.2705</XCoordinate>
          </Location>
          <Enabled>True</Enabled>
          <ID>1031_7_0_0</ID>
          <Name>TestCalendarEventab19a716-92bc-4949-afe3-79dc7ad5ded7</Name>
          <StartTime>3/18/2016 1:58:00 AM</StartTime>
          <PreDeadline>00:00:00</PreDeadline>
          <DeletionCount>0</DeletionCount>
          <CompletionCount>0</CompletionCount>
          <PrepTime>00:00:00</PrepTime>
          <Deadline>5/18/2016 1:58:00 AM</Deadline>
          <Split>1</Split>
          <Duration>01:00:00</Duration>
          <RigidFlag>True</RigidFlag>
          <EventSubSchedules>
            <EventSubSchedule>
              <PauseInformation>
                <UsedUpTime>00:00:00</UsedUpTime>
                <PauseTime>1/1/0001 12:00:00 AM +00:00</PauseTime>
              </PauseInformation>
              <Restricted>False</Restricted>
              <ConflictProfile>
                <ConflictIDs />
                <Flag>False</Flag>
                <Type>0</Type>
              </ConflictProfile>
              <MiscData>
                <TypeSelection>0</TypeSelection>
                <UserNote />
              </MiscData>
              <UIParams>
                <Type>0</Type>
                <Color>
                  <UserSelection>-1</UserSelection>
                  <Blue>127</Blue>
                  <Green>127</Green>
                  <Red>127</Red>
                  <Opacity>1</Opacity>
                </Color>
                <Visible>True</Visible>
              </UIParams>
              <Location>
                <CheckCalendarEvent>False</CheckCalendarEvent>
                <isNull>True</isNull>
                <Description />
                <Address />
                <YCoordinate>40.015</YCoordinate>
                <XCoordinate>105.2705</XCoordinate>
              </Location>
              <Complete>False</Complete>
              <Enabled>True</Enabled>
              <ID>1031_7_0_1032</ID>
              <Rigid>True</Rigid>
              <ThirdPartyID />
              <PrepTime>00:00:00</PrepTime>
              <ActiveStartTime>5/19/2016 12:58:36 PM</ActiveStartTime>
              <ActiveEndTime>5/19/2016 1:58:36 PM</ActiveEndTime>
              <Duration>01:00:00</Duration>
              <StartTime>5/19/2016 12:58:36 PM</StartTime>
              <EndTime>5/19/2016 1:58:36 PM</EndTime>
            </EventSubSchedule>
          </EventSubSchedules>
          <RepetitionFlag>False</RepetitionFlag>
          <Completed>False</Completed>
        </EventSchedule>
        <EventSchedule>
          <Recurrence />
          <ProcrastinationProfile>
            <ProcrastinationPreferredStart>1/1/0001 12:00:00 AM +00:00</ProcrastinationPreferredStart>
            <ProcrastinationDislikedStart>1/1/0001 12:00:00 AM +00:00</ProcrastinationDislikedStart>
            <ProcrastinationDislikedDaySection>0</ProcrastinationDislikedDaySection>
          </ProcrastinationProfile>
          <NowProfile>
            <Initialized>False</Initialized>
            <PreferredStart>1/1/0001 12:00:00 AM +00:00</PreferredStart>
          </NowProfile>
          <Restricted>False</Restricted>
          <MiscData>
            <TypeSelection>0</TypeSelection>
            <UserNote />
          </MiscData>
          <UIParams>
            <Type>0</Type>
            <Color>
              <UserSelection>-1</UserSelection>
              <Blue>127</Blue>
              <Green>127</Green>
              <Red>127</Red>
              <Opacity>1</Opacity>
            </Color>
            <Visible>True</Visible>
          </UIParams>
          <Location>
            <CheckCalendarEvent>False</CheckCalendarEvent>
            <isNull>True</isNull>
            <Description />
            <Address />
            <YCoordinate>40.015</YCoordinate>
            <XCoordinate>105.2705</XCoordinate>
          </Location>
          <Enabled>True</Enabled>
          <ID>1035_7_0_0</ID>
          <Name>TestCalendarEvent2a9f1137-be90-4ae6-81a9-62c44e35d55b</Name>
          <StartTime>3/18/2016 2:15:00 AM</StartTime>
          <PreDeadline>00:00:00</PreDeadline>
          <DeletionCount>0</DeletionCount>
          <CompletionCount>0</CompletionCount>
          <PrepTime>00:00:00</PrepTime>
          <Deadline>5/18/2016 2:15:00 AM</Deadline>
          <Split>1</Split>
          <Duration>01:00:00</Duration>
          <RigidFlag>True</RigidFlag>
          <EventSubSchedules>
            <EventSubSchedule>
              <PauseInformation>
                <UsedUpTime>00:00:00</UsedUpTime>
                <PauseTime>1/1/0001 12:00:00 AM +00:00</PauseTime>
              </PauseInformation>
              <Restricted>False</Restricted>
              <ConflictProfile>
                <ConflictIDs />
                <Flag>False</Flag>
                <Type>0</Type>
              </ConflictProfile>
              <MiscData>
                <TypeSelection>0</TypeSelection>
                <UserNote />
              </MiscData>
              <UIParams>
                <Type>0</Type>
                <Color>
                  <UserSelection>-1</UserSelection>
                  <Blue>127</Blue>
                  <Green>127</Green>
                  <Red>127</Red>
                  <Opacity>1</Opacity>
                </Color>
                <Visible>True</Visible>
              </UIParams>
              <Location>
                <CheckCalendarEvent>False</CheckCalendarEvent>
                <isNull>True</isNull>
                <Description />
                <Address />
                <YCoordinate>40.015</YCoordinate>
                <XCoordinate>105.2705</XCoordinate>
              </Location>
              <Complete>False</Complete>
              <Enabled>True</Enabled>
              <ID>1035_7_0_1036</ID>
              <Rigid>True</Rigid>
              <ThirdPartyID />
              <PrepTime>00:00:00</PrepTime>
              <ActiveStartTime>5/19/2016 5:15:08 AM</ActiveStartTime>
              <ActiveEndTime>5/19/2016 6:15:08 AM</ActiveEndTime>
              <Duration>01:00:00</Duration>
              <StartTime>5/19/2016 5:15:08 AM</StartTime>
              <EndTime>5/19/2016 6:15:08 AM</EndTime>
            </EventSubSchedule>
          </EventSubSchedules>
          <RepetitionFlag>False</RepetitionFlag>
          <Completed>False</Completed>
        </EventSchedule>
        <EventSchedule>
          <Recurrence />
          <ProcrastinationProfile>
            <ProcrastinationPreferredStart>1/1/0001 12:00:00 AM +00:00</ProcrastinationPreferredStart>
            <ProcrastinationDislikedStart>1/1/0001 12:00:00 AM +00:00</ProcrastinationDislikedStart>
            <ProcrastinationDislikedDaySection>0</ProcrastinationDislikedDaySection>
          </ProcrastinationProfile>
          <NowProfile>
            <Initialized>False</Initialized>
            <PreferredStart>1/1/0001 12:00:00 AM +00:00</PreferredStart>
          </NowProfile>
          <Restricted>False</Restricted>
          <MiscData>
            <TypeSelection>0</TypeSelection>
            <UserNote />
          </MiscData>
          <UIParams>
            <Type>0</Type>
            <Color>
              <UserSelection>-1</UserSelection>
              <Blue>127</Blue>
              <Green>127</Green>
              <Red>127</Red>
              <Opacity>1</Opacity>
            </Color>
            <Visible>True</Visible>
          </UIParams>
          <Location>
            <CheckCalendarEvent>False</CheckCalendarEvent>
            <isNull>True</isNull>
            <Description />
            <Address />
            <YCoordinate>40.015</YCoordinate>
            <XCoordinate>105.2705</XCoordinate>
          </Location>
          <Enabled>True</Enabled>
          <ID>1037_7_0_0</ID>
          <Name>TestCalendarEvent85d8f666-f240-4198-a1eb-81a4501b8614</Name>
          <StartTime>3/18/2016 2:15:00 AM</StartTime>
          <PreDeadline>00:00:00</PreDeadline>
          <DeletionCount>0</DeletionCount>
          <CompletionCount>0</CompletionCount>
          <PrepTime>00:00:00</PrepTime>
          <Deadline>5/18/2016 2:15:00 AM</Deadline>
          <Split>1</Split>
          <Duration>01:00:00</Duration>
          <RigidFlag>True</RigidFlag>
          <EventSubSchedules>
            <EventSubSchedule>
              <PauseInformation>
                <UsedUpTime>00:00:00</UsedUpTime>
                <PauseTime>1/1/0001 12:00:00 AM +00:00</PauseTime>
              </PauseInformation>
              <Restricted>False</Restricted>
              <ConflictProfile>
                <ConflictIDs />
                <Flag>False</Flag>
                <Type>0</Type>
              </ConflictProfile>
              <MiscData>
                <TypeSelection>0</TypeSelection>
                <UserNote />
              </MiscData>
              <UIParams>
                <Type>0</Type>
                <Color>
                  <UserSelection>-1</UserSelection>
                  <Blue>127</Blue>
                  <Green>127</Green>
                  <Red>127</Red>
                  <Opacity>1</Opacity>
                </Color>
                <Visible>True</Visible>
              </UIParams>
              <Location>
                <CheckCalendarEvent>False</CheckCalendarEvent>
                <isNull>True</isNull>
                <Description />
                <Address />
                <YCoordinate>40.015</YCoordinate>
                <XCoordinate>105.2705</XCoordinate>
              </Location>
              <Complete>False</Complete>
              <Enabled>True</Enabled>
              <ID>1037_7_0_1038</ID>
              <Rigid>True</Rigid>
              <ThirdPartyID />
              <PrepTime>00:00:00</PrepTime>
              <ActiveStartTime>5/19/2016 1:15:37 AM</ActiveStartTime>
              <ActiveEndTime>5/19/2016 2:15:37 AM</ActiveEndTime>
              <Duration>01:00:00</Duration>
              <StartTime>5/19/2016 1:15:37 AM</StartTime>
              <EndTime>5/19/2016 2:15:37 AM</EndTime>
            </EventSubSchedule>
          </EventSubSchedules>
          <RepetitionFlag>False</RepetitionFlag>
          <Completed>False</Completed>
        </EventSchedule>
        <EventSchedule>
          <Recurrence />
          <ProcrastinationProfile>
            <ProcrastinationPreferredStart>1/1/0001 12:00:00 AM +00:00</ProcrastinationPreferredStart>
            <ProcrastinationDislikedStart>1/1/0001 12:00:00 AM +00:00</ProcrastinationDislikedStart>
            <ProcrastinationDislikedDaySection>0</ProcrastinationDislikedDaySection>
          </ProcrastinationProfile>
          <NowProfile>
            <Initialized>False</Initialized>
            <PreferredStart>1/1/0001 12:00:00 AM +00:00</PreferredStart>
          </NowProfile>
          <Restricted>False</Restricted>
          <MiscData>
            <TypeSelection>0</TypeSelection>
            <UserNote />
          </MiscData>
          <UIParams>
            <Type>0</Type>
            <Color>
              <UserSelection>-1</UserSelection>
              <Blue>127</Blue>
              <Green>127</Green>
              <Red>127</Red>
              <Opacity>1</Opacity>
            </Color>
            <Visible>True</Visible>
          </UIParams>
          <Location>
            <CheckCalendarEvent>False</CheckCalendarEvent>
            <isNull>True</isNull>
            <Description />
            <Address />
            <YCoordinate>40.015</YCoordinate>
            <XCoordinate>105.2705</XCoordinate>
          </Location>
          <Enabled>True</Enabled>
          <ID>1039_7_0_0</ID>
          <Name>TestCalendarEvent6c72d0c7-80f1-4136-8a41-46b7ad38f11a</Name>
          <StartTime>3/18/2016 2:16:00 AM</StartTime>
          <PreDeadline>00:00:00</PreDeadline>
          <DeletionCount>0</DeletionCount>
          <CompletionCount>0</CompletionCount>
          <PrepTime>00:00:00</PrepTime>
          <Deadline>5/18/2016 2:16:00 AM</Deadline>
          <Split>1</Split>
          <Duration>01:00:00</Duration>
          <RigidFlag>True</RigidFlag>
          <EventSubSchedules>
            <EventSubSchedule>
              <PauseInformation>
                <UsedUpTime>00:00:00</UsedUpTime>
                <PauseTime>1/1/0001 12:00:00 AM +00:00</PauseTime>
              </PauseInformation>
              <Restricted>False</Restricted>
              <ConflictProfile>
                <ConflictIDs />
                <Flag>False</Flag>
                <Type>0</Type>
              </ConflictProfile>
              <MiscData>
                <TypeSelection>0</TypeSelection>
                <UserNote />
              </MiscData>
              <UIParams>
                <Type>0</Type>
                <Color>
                  <UserSelection>-1</UserSelection>
                  <Blue>127</Blue>
                  <Green>127</Green>
                  <Red>127</Red>
                  <Opacity>1</Opacity>
                </Color>
                <Visible>True</Visible>
              </UIParams>
              <Location>
                <CheckCalendarEvent>False</CheckCalendarEvent>
                <isNull>True</isNull>
                <Description />
                <Address />
                <YCoordinate>40.015</YCoordinate>
                <XCoordinate>105.2705</XCoordinate>
              </Location>
              <Complete>False</Complete>
              <Enabled>True</Enabled>
              <ID>1039_7_0_1040</ID>
              <Rigid>True</Rigid>
              <ThirdPartyID />
              <PrepTime>00:00:00</PrepTime>
              <ActiveStartTime>5/18/2016 9:16:38 PM</ActiveStartTime>
              <ActiveEndTime>5/18/2016 10:16:38 PM</ActiveEndTime>
              <Duration>01:00:00</Duration>
              <StartTime>5/18/2016 9:16:38 PM</StartTime>
              <EndTime>5/18/2016 10:16:38 PM</EndTime>
            </EventSubSchedule>
          </EventSubSchedules>
          <RepetitionFlag>False</RepetitionFlag>
          <Completed>False</Completed>
        </EventSchedule>
        <EventSchedule>
          <Recurrence />
          <ProcrastinationProfile>
            <ProcrastinationPreferredStart>1/1/0001 12:00:00 AM +00:00</ProcrastinationPreferredStart>
            <ProcrastinationDislikedStart>1/1/0001 12:00:00 AM +00:00</ProcrastinationDislikedStart>
            <ProcrastinationDislikedDaySection>0</ProcrastinationDislikedDaySection>
          </ProcrastinationProfile>
          <NowProfile>
            <Initialized>False</Initialized>
            <PreferredStart>1/1/0001 12:00:00 AM +00:00</PreferredStart>
          </NowProfile>
          <Restricted>False</Restricted>
          <MiscData>
            <TypeSelection>0</TypeSelection>
            <UserNote />
          </MiscData>
          <UIParams>
            <Type>0</Type>
            <Color>
              <UserSelection>-1</UserSelection>
              <Blue>127</Blue>
              <Green>127</Green>
              <Red>127</Red>
              <Opacity>1</Opacity>
            </Color>
            <Visible>True</Visible>
          </UIParams>
          <Location>
            <CheckCalendarEvent>False</CheckCalendarEvent>
            <isNull>True</isNull>
            <Description />
            <Address />
            <YCoordinate>40.015</YCoordinate>
            <XCoordinate>105.2705</XCoordinate>
          </Location>
          <Enabled>True</Enabled>
          <ID>1043_7_0_0</ID>
          <Name>TestCalendarEventacd4ff53-aa0f-44dd-a05c-fcbbe6aff4f0</Name>
          <StartTime>5/4/2016 1:41:00 PM</StartTime>
          <PreDeadline>00:00:00</PreDeadline>
          <DeletionCount>0</DeletionCount>
          <CompletionCount>0</CompletionCount>
          <PrepTime>00:00:00</PrepTime>
          <Deadline>7/4/2016 1:41:00 PM</Deadline>
          <Split>1</Split>
          <Duration>01:00:00</Duration>
          <RigidFlag>True</RigidFlag>
          <EventSubSchedules>
            <EventSubSchedule>
              <PauseInformation>
                <UsedUpTime>00:00:00</UsedUpTime>
                <PauseTime>1/1/0001 12:00:00 AM +00:00</PauseTime>
              </PauseInformation>
              <Restricted>False</Restricted>
              <ConflictProfile>
                <ConflictIDs />
                <Flag>False</Flag>
                <Type>0</Type>
              </ConflictProfile>
              <MiscData>
                <TypeSelection>0</TypeSelection>
                <UserNote />
              </MiscData>
              <UIParams>
                <Type>0</Type>
                <Color>
                  <UserSelection>-1</UserSelection>
                  <Blue>127</Blue>
                  <Green>127</Green>
                  <Red>127</Red>
                  <Opacity>1</Opacity>
                </Color>
                <Visible>True</Visible>
              </UIParams>
              <Location>
                <CheckCalendarEvent>False</CheckCalendarEvent>
                <isNull>True</isNull>
                <Description />
                <Address />
                <YCoordinate>40.015</YCoordinate>
                <XCoordinate>105.2705</XCoordinate>
              </Location>
              <Complete>False</Complete>
              <Enabled>True</Enabled>
              <ID>1043_7_0_1044</ID>
              <Rigid>True</Rigid>
              <ThirdPartyID />
              <PrepTime>00:00:00</PrepTime>
              <ActiveStartTime>7/5/2016 12:41:57 AM</ActiveStartTime>
              <ActiveEndTime>7/5/2016 1:41:57 AM</ActiveEndTime>
              <Duration>01:00:00</Duration>
              <StartTime>7/5/2016 12:41:57 AM</StartTime>
              <EndTime>7/5/2016 1:41:57 AM</EndTime>
            </EventSubSchedule>
          </EventSubSchedules>
          <RepetitionFlag>False</RepetitionFlag>
          <Completed>False</Completed>
        </EventSchedule>
        <EventSchedule>
          <Recurrence />
          <ProcrastinationProfile>
            <ProcrastinationPreferredStart>1/1/0001 12:00:00 AM +00:00</ProcrastinationPreferredStart>
            <ProcrastinationDislikedStart>1/1/0001 12:00:00 AM +00:00</ProcrastinationDislikedStart>
            <ProcrastinationDislikedDaySection>0</ProcrastinationDislikedDaySection>
          </ProcrastinationProfile>
          <NowProfile>
            <Initialized>False</Initialized>
            <PreferredStart>1/1/0001 12:00:00 AM +00:00</PreferredStart>
          </NowProfile>
          <Restricted>False</Restricted>
          <MiscData>
            <TypeSelection>0</TypeSelection>
            <UserNote />
          </MiscData>
          <UIParams>
            <Type>0</Type>
            <Color>
              <UserSelection>-1</UserSelection>
              <Blue>127</Blue>
              <Green>127</Green>
              <Red>127</Red>
              <Opacity>1</Opacity>
            </Color>
            <Visible>True</Visible>
          </UIParams>
          <Location>
            <CheckCalendarEvent>False</CheckCalendarEvent>
            <isNull>True</isNull>
            <Description />
            <Address />
            <YCoordinate>40.015</YCoordinate>
            <XCoordinate>105.2705</XCoordinate>
          </Location>
          <Enabled>True</Enabled>
          <ID>1047_7_0_0</ID>
          <Name>TestCalendarEvent37e02ac1-6db7-4115-b64f-cfc6f61c5f69</Name>
          <StartTime>5/4/2016 1:44:00 PM</StartTime>
          <PreDeadline>00:00:00</PreDeadline>
          <DeletionCount>0</DeletionCount>
          <CompletionCount>0</CompletionCount>
          <PrepTime>00:00:00</PrepTime>
          <Deadline>7/4/2016 1:44:00 PM</Deadline>
          <Split>1</Split>
          <Duration>01:00:00</Duration>
          <RigidFlag>True</RigidFlag>
          <EventSubSchedules>
            <EventSubSchedule>
              <PauseInformation>
                <UsedUpTime>00:00:00</UsedUpTime>
                <PauseTime>1/1/0001 12:00:00 AM +00:00</PauseTime>
              </PauseInformation>
              <Restricted>False</Restricted>
              <ConflictProfile>
                <ConflictIDs />
                <Flag>False</Flag>
                <Type>0</Type>
              </ConflictProfile>
              <MiscData>
                <TypeSelection>0</TypeSelection>
                <UserNote />
              </MiscData>
              <UIParams>
                <Type>0</Type>
                <Color>
                  <UserSelection>-1</UserSelection>
                  <Blue>127</Blue>
                  <Green>127</Green>
                  <Red>127</Red>
                  <Opacity>1</Opacity>
                </Color>
                <Visible>True</Visible>
              </UIParams>
              <Location>
                <CheckCalendarEvent>False</CheckCalendarEvent>
                <isNull>True</isNull>
                <Description />
                <Address />
                <YCoordinate>40.015</YCoordinate>
                <XCoordinate>105.2705</XCoordinate>
              </Location>
              <Complete>False</Complete>
              <Enabled>True</Enabled>
              <ID>1047_7_0_1048</ID>
              <Rigid>True</Rigid>
              <ThirdPartyID />
              <PrepTime>00:00:00</PrepTime>
              <ActiveStartTime>7/4/2016 4:44:44 PM</ActiveStartTime>
              <ActiveEndTime>7/4/2016 5:44:44 PM</ActiveEndTime>
              <Duration>01:00:00</Duration>
              <StartTime>7/4/2016 4:44:44 PM</StartTime>
              <EndTime>7/4/2016 5:44:44 PM</EndTime>
            </EventSubSchedule>
          </EventSubSchedules>
          <RepetitionFlag>False</RepetitionFlag>
          <Completed>False</Completed>
        </EventSchedule>
        <EventSchedule>
          <Recurrence />
          <ProcrastinationProfile>
            <ProcrastinationPreferredStart>1/1/0001 12:00:00 AM +00:00</ProcrastinationPreferredStart>
            <ProcrastinationDislikedStart>1/1/0001 12:00:00 AM +00:00</ProcrastinationDislikedStart>
            <ProcrastinationDislikedDaySection>0</ProcrastinationDislikedDaySection>
          </ProcrastinationProfile>
          <NowProfile>
            <Initialized>False</Initialized>
            <PreferredStart>1/1/0001 12:00:00 AM +00:00</PreferredStart>
          </NowProfile>
          <Restricted>False</Restricted>
          <MiscData>
            <TypeSelection>0</TypeSelection>
            <UserNote />
          </MiscData>
          <UIParams>
            <Type>0</Type>
            <Color>
              <UserSelection>-1</UserSelection>
              <Blue>127</Blue>
              <Green>127</Green>
              <Red>127</Red>
              <Opacity>1</Opacity>
            </Color>
            <Visible>True</Visible>
          </UIParams>
          <Location>
            <CheckCalendarEvent>False</CheckCalendarEvent>
            <isNull>True</isNull>
            <Description />
            <Address />
            <YCoordinate>40.015</YCoordinate>
            <XCoordinate>105.2705</XCoordinate>
          </Location>
          <Enabled>True</Enabled>
          <ID>1049_7_0_0</ID>
          <Name>TestCalendarEventb0a9cb7b-c318-4e54-a985-97c6d08b1702</Name>
          <StartTime>5/4/2016 1:45:13 PM</StartTime>
          <PreDeadline>00:00:00</PreDeadline>
          <DeletionCount>0</DeletionCount>
          <CompletionCount>0</CompletionCount>
          <PrepTime>00:00:00</PrepTime>
          <Deadline>6/4/2016 1:45:13 PM</Deadline>
          <Split>1</Split>
          <Duration>01:00:00</Duration>
          <RigidFlag>True</RigidFlag>
          <EventSubSchedules>
            <EventSubSchedule>
              <PauseInformation>
                <UsedUpTime>00:00:00</UsedUpTime>
                <PauseTime>1/1/0001 12:00:00 AM +00:00</PauseTime>
              </PauseInformation>
              <Restricted>False</Restricted>
              <ConflictProfile>
                <ConflictIDs />
                <Flag>False</Flag>
                <Type>0</Type>
              </ConflictProfile>
              <MiscData>
                <TypeSelection>0</TypeSelection>
                <UserNote />
              </MiscData>
              <UIParams>
                <Type>0</Type>
                <Color>
                  <UserSelection>-1</UserSelection>
                  <Blue>127</Blue>
                  <Green>127</Green>
                  <Red>127</Red>
                  <Opacity>1</Opacity>
                </Color>
                <Visible>True</Visible>
              </UIParams>
              <Location>
                <CheckCalendarEvent>False</CheckCalendarEvent>
                <isNull>True</isNull>
                <Description />
                <Address />
                <YCoordinate>40.015</YCoordinate>
                <XCoordinate>105.2705</XCoordinate>
              </Location>
              <Complete>False</Complete>
              <Enabled>True</Enabled>
              <ID>1049_7_0_1050</ID>
              <Rigid>True</Rigid>
              <ThirdPartyID />
              <PrepTime>00:00:00</PrepTime>
              <ActiveStartTime>6/4/2016 12:45:13 PM</ActiveStartTime>
              <ActiveEndTime>6/4/2016 1:45:13 PM</ActiveEndTime>
              <Duration>01:00:00</Duration>
              <StartTime>6/4/2016 12:45:13 PM</StartTime>
              <EndTime>6/4/2016 1:45:13 PM</EndTime>
            </EventSubSchedule>
          </EventSubSchedules>
          <RepetitionFlag>False</RepetitionFlag>
          <Completed>False</Completed>
        </EventSchedule>
      </EventSchedules>
      <LocationCache>
        <Locations />
      </LocationCache>
    </ScheduleLog>
  </BeforeProcessing>
  <AfterProcessing>
    <ScheduleLog>
      <LastIDCounter>1052</LastIDCounter>
      <referenceDay>8:00 AM</referenceDay>
      <EventSchedules>
        <EventSchedule>
          <Recurrence />
          <ProcrastinationProfile>
            <ProcrastinationPreferredStart>1/1/0001 12:00:00 AM +00:00</ProcrastinationPreferredStart>
            <ProcrastinationDislikedStart>1/1/0001 12:00:00 AM +00:00</ProcrastinationDislikedStart>
            <ProcrastinationDislikedDaySection>0</ProcrastinationDislikedDaySection>
          </ProcrastinationProfile>
          <NowProfile>
            <Initialized>False</Initialized>
            <PreferredStart>1/1/0001 12:00:00 AM +00:00</PreferredStart>
          </NowProfile>
          <Restricted>False</Restricted>
          <MiscData>
            <TypeSelection>0</TypeSelection>
            <UserNote />
          </MiscData>
          <UIParams>
            <Type>0</Type>
            <Color>
              <UserSelection>-1</UserSelection>
              <Blue>127</Blue>
              <Green>127</Green>
              <Red>127</Red>
              <Opacity>1</Opacity>
            </Color>
            <Visible>True</Visible>
          </UIParams>
          <Location>
            <CheckCalendarEvent>False</CheckCalendarEvent>
            <isNull>True</isNull>
            <Description />
            <Address />
            <YCoordinate>40.015</YCoordinate>
            <XCoordinate>105.2705</XCoordinate>
          </Location>
          <Enabled>True</Enabled>
          <ID>1029_7_0_0</ID>
          <Name>TestCalendarEventfeda3dfd-528a-45ce-8034-2c146d2939c3</Name>
          <StartTime>3/18/2016 1:54:00 AM</StartTime>
          <PreDeadline>00:00:00</PreDeadline>
          <DeletionCount>0</DeletionCount>
          <CompletionCount>0</CompletionCount>
          <PrepTime>00:00:00</PrepTime>
          <Deadline>5/18/2016 1:54:00 AM</Deadline>
          <Split>1</Split>
          <Duration>01:00:00</Duration>
          <RigidFlag>True</RigidFlag>
          <EventSubSchedules>
            <EventSubSchedule>
              <PauseInformation>
                <UsedUpTime>00:00:00</UsedUpTime>
                <PauseTime>1/1/0001 12:00:00 AM +00:00</PauseTime>
              </PauseInformation>
              <Restricted>False</Restricted>
              <ConflictProfile>
                <ConflictIDs />
                <Flag>False</Flag>
                <Type>0</Type>
              </ConflictProfile>
              <MiscData>
                <TypeSelection>0</TypeSelection>
                <UserNote />
              </MiscData>
              <UIParams>
                <Type>0</Type>
                <Color>
                  <UserSelection>-1</UserSelection>
                  <Blue>127</Blue>
                  <Green>127</Green>
                  <Red>127</Red>
                  <Opacity>1</Opacity>
                </Color>
                <Visible>True</Visible>
              </UIParams>
              <Location>
                <CheckCalendarEvent>False</CheckCalendarEvent>
                <isNull>True</isNull>
                <Description />
                <Address />
                <YCoordinate>40.015</YCoordinate>
                <XCoordinate>105.2705</XCoordinate>
              </Location>
              <Complete>False</Complete>
              <Enabled>True</Enabled>
              <ID>1029_7_0_1030</ID>
              <Rigid>True</Rigid>
              <ThirdPartyID />
              <PrepTime>00:00:00</PrepTime>
              <ActiveStartTime>5/19/2016 8:54:55 PM</ActiveStartTime>
              <ActiveEndTime>5/19/2016 9:54:55 PM</ActiveEndTime>
              <Duration>01:00:00</Duration>
              <StartTime>5/19/2016 8:54:55 PM</StartTime>
              <EndTime>5/19/2016 9:54:55 PM</EndTime>
            </EventSubSchedule>
          </EventSubSchedules>
          <RepetitionFlag>False</RepetitionFlag>
          <Completed>False</Completed>
        </EventSchedule>
        <EventSchedule>
          <Recurrence />
          <ProcrastinationProfile>
            <ProcrastinationPreferredStart>1/1/0001 12:00:00 AM +00:00</ProcrastinationPreferredStart>
            <ProcrastinationDislikedStart>1/1/0001 12:00:00 AM +00:00</ProcrastinationDislikedStart>
            <ProcrastinationDislikedDaySection>0</ProcrastinationDislikedDaySection>
          </ProcrastinationProfile>
          <NowProfile>
            <Initialized>False</Initialized>
            <PreferredStart>1/1/0001 12:00:00 AM +00:00</PreferredStart>
          </NowProfile>
          <Restricted>False</Restricted>
          <MiscData>
            <TypeSelection>0</TypeSelection>
            <UserNote />
          </MiscData>
          <UIParams>
            <Type>0</Type>
            <Color>
              <UserSelection>-1</UserSelection>
              <Blue>127</Blue>
              <Green>127</Green>
              <Red>127</Red>
              <Opacity>1</Opacity>
            </Color>
            <Visible>True</Visible>
          </UIParams>
          <Location>
            <CheckCalendarEvent>False</CheckCalendarEvent>
            <isNull>True</isNull>
            <Description />
            <Address />
            <YCoordinate>40.015</YCoordinate>
            <XCoordinate>105.2705</XCoordinate>
          </Location>
          <Enabled>True</Enabled>
          <ID>1031_7_0_0</ID>
          <Name>TestCalendarEventab19a716-92bc-4949-afe3-79dc7ad5ded7</Name>
          <StartTime>3/18/2016 1:58:00 AM</StartTime>
          <PreDeadline>00:00:00</PreDeadline>
          <DeletionCount>0</DeletionCount>
          <CompletionCount>0</CompletionCount>
          <PrepTime>00:00:00</PrepTime>
          <Deadline>5/18/2016 1:58:00 AM</Deadline>
          <Split>1</Split>
          <Duration>01:00:00</Duration>
          <RigidFlag>True</RigidFlag>
          <EventSubSchedules>
            <EventSubSchedule>
              <PauseInformation>
                <UsedUpTime>00:00:00</UsedUpTime>
                <PauseTime>1/1/0001 12:00:00 AM +00:00</PauseTime>
              </PauseInformation>
              <Restricted>False</Restricted>
              <ConflictProfile>
                <ConflictIDs />
                <Flag>False</Flag>
                <Type>0</Type>
              </ConflictProfile>
              <MiscData>
                <TypeSelection>0</TypeSelection>
                <UserNote />
              </MiscData>
              <UIParams>
                <Type>0</Type>
                <Color>
                  <UserSelection>-1</UserSelection>
                  <Blue>127</Blue>
                  <Green>127</Green>
                  <Red>127</Red>
                  <Opacity>1</Opacity>
                </Color>
                <Visible>True</Visible>
              </UIParams>
              <Location>
                <CheckCalendarEvent>False</CheckCalendarEvent>
                <isNull>True</isNull>
                <Description />
                <Address />
                <YCoordinate>40.015</YCoordinate>
                <XCoordinate>105.2705</XCoordinate>
              </Location>
              <Complete>False</Complete>
              <Enabled>True</Enabled>
              <ID>1031_7_0_1032</ID>
              <Rigid>True</Rigid>
              <ThirdPartyID />
              <PrepTime>00:00:00</PrepTime>
              <ActiveStartTime>5/19/2016 4:58:36 PM</ActiveStartTime>
              <ActiveEndTime>5/19/2016 5:58:36 PM</ActiveEndTime>
              <Duration>01:00:00</Duration>
              <StartTime>5/19/2016 4:58:36 PM</StartTime>
              <EndTime>5/19/2016 5:58:36 PM</EndTime>
            </EventSubSchedule>
          </EventSubSchedules>
          <RepetitionFlag>False</RepetitionFlag>
          <Completed>False</Completed>
        </EventSchedule>
        <EventSchedule>
          <Recurrence />
          <ProcrastinationProfile>
            <ProcrastinationPreferredStart>1/1/0001 12:00:00 AM +00:00</ProcrastinationPreferredStart>
            <ProcrastinationDislikedStart>1/1/0001 12:00:00 AM +00:00</ProcrastinationDislikedStart>
            <ProcrastinationDislikedDaySection>0</ProcrastinationDislikedDaySection>
          </ProcrastinationProfile>
          <NowProfile>
            <Initialized>False</Initialized>
            <PreferredStart>1/1/0001 12:00:00 AM +00:00</PreferredStart>
          </NowProfile>
          <Restricted>False</Restricted>
          <MiscData>
            <TypeSelection>0</TypeSelection>
            <UserNote />
          </MiscData>
          <UIParams>
            <Type>0</Type>
            <Color>
              <UserSelection>-1</UserSelection>
              <Blue>127</Blue>
              <Green>127</Green>
              <Red>127</Red>
              <Opacity>1</Opacity>
            </Color>
            <Visible>True</Visible>
          </UIParams>
          <Location>
            <CheckCalendarEvent>False</CheckCalendarEvent>
            <isNull>True</isNull>
            <Description />
            <Address />
            <YCoordinate>40.015</YCoordinate>
            <XCoordinate>105.2705</XCoordinate>
          </Location>
          <Enabled>True</Enabled>
          <ID>1035_7_0_0</ID>
          <Name>TestCalendarEvent2a9f1137-be90-4ae6-81a9-62c44e35d55b</Name>
          <StartTime>3/18/2016 2:15:00 AM</StartTime>
          <PreDeadline>00:00:00</PreDeadline>
          <DeletionCount>0</DeletionCount>
          <CompletionCount>0</CompletionCount>
          <PrepTime>00:00:00</PrepTime>
          <Deadline>5/18/2016 2:15:00 AM</Deadline>
          <Split>1</Split>
          <Duration>01:00:00</Duration>
          <RigidFlag>True</RigidFlag>
          <EventSubSchedules>
            <EventSubSchedule>
              <PauseInformation>
                <UsedUpTime>00:00:00</UsedUpTime>
                <PauseTime>1/1/0001 12:00:00 AM +00:00</PauseTime>
              </PauseInformation>
              <Restricted>False</Restricted>
              <ConflictProfile>
                <ConflictIDs />
                <Flag>False</Flag>
                <Type>0</Type>
              </ConflictProfile>
              <MiscData>
                <TypeSelection>0</TypeSelection>
                <UserNote />
              </MiscData>
              <UIParams>
                <Type>0</Type>
                <Color>
                  <UserSelection>-1</UserSelection>
                  <Blue>127</Blue>
                  <Green>127</Green>
                  <Red>127</Red>
                  <Opacity>1</Opacity>
                </Color>
                <Visible>True</Visible>
              </UIParams>
              <Location>
                <CheckCalendarEvent>False</CheckCalendarEvent>
                <isNull>True</isNull>
                <Description />
                <Address />
                <YCoordinate>40.015</YCoordinate>
                <XCoordinate>105.2705</XCoordinate>
              </Location>
              <Complete>False</Complete>
              <Enabled>True</Enabled>
              <ID>1035_7_0_1036</ID>
              <Rigid>True</Rigid>
              <ThirdPartyID />
              <PrepTime>00:00:00</PrepTime>
              <ActiveStartTime>5/19/2016 9:15:08 AM</ActiveStartTime>
              <ActiveEndTime>5/19/2016 10:15:08 AM</ActiveEndTime>
              <Duration>01:00:00</Duration>
              <StartTime>5/19/2016 9:15:08 AM</StartTime>
              <EndTime>5/19/2016 10:15:08 AM</EndTime>
            </EventSubSchedule>
          </EventSubSchedules>
          <RepetitionFlag>False</RepetitionFlag>
          <Completed>False</Completed>
        </EventSchedule>
        <EventSchedule>
          <Recurrence />
          <ProcrastinationProfile>
            <ProcrastinationPreferredStart>1/1/0001 12:00:00 AM +00:00</ProcrastinationPreferredStart>
            <ProcrastinationDislikedStart>1/1/0001 12:00:00 AM +00:00</ProcrastinationDislikedStart>
            <ProcrastinationDislikedDaySection>0</ProcrastinationDislikedDaySection>
          </ProcrastinationProfile>
          <NowProfile>
            <Initialized>False</Initialized>
            <PreferredStart>1/1/0001 12:00:00 AM +00:00</PreferredStart>
          </NowProfile>
          <Restricted>False</Restricted>
          <MiscData>
            <TypeSelection>0</TypeSelection>
            <UserNote />
          </MiscData>
          <UIParams>
            <Type>0</Type>
            <Color>
              <UserSelection>-1</UserSelection>
              <Blue>127</Blue>
              <Green>127</Green>
              <Red>127</Red>
              <Opacity>1</Opacity>
            </Color>
            <Visible>True</Visible>
          </UIParams>
          <Location>
            <CheckCalendarEvent>False</CheckCalendarEvent>
            <isNull>True</isNull>
            <Description />
            <Address />
            <YCoordinate>40.015</YCoordinate>
            <XCoordinate>105.2705</XCoordinate>
          </Location>
          <Enabled>True</Enabled>
          <ID>1037_7_0_0</ID>
          <Name>TestCalendarEvent85d8f666-f240-4198-a1eb-81a4501b8614</Name>
          <StartTime>3/18/2016 2:15:00 AM</StartTime>
          <PreDeadline>00:00:00</PreDeadline>
          <DeletionCount>0</DeletionCount>
          <CompletionCount>0</CompletionCount>
          <PrepTime>00:00:00</PrepTime>
          <Deadline>5/18/2016 2:15:00 AM</Deadline>
          <Split>1</Split>
          <Duration>01:00:00</Duration>
          <RigidFlag>True</RigidFlag>
          <EventSubSchedules>
            <EventSubSchedule>
              <PauseInformation>
                <UsedUpTime>00:00:00</UsedUpTime>
                <PauseTime>1/1/0001 12:00:00 AM +00:00</PauseTime>
              </PauseInformation>
              <Restricted>False</Restricted>
              <ConflictProfile>
                <ConflictIDs />
                <Flag>False</Flag>
                <Type>0</Type>
              </ConflictProfile>
              <MiscData>
                <TypeSelection>0</TypeSelection>
                <UserNote />
              </MiscData>
              <UIParams>
                <Type>0</Type>
                <Color>
                  <UserSelection>-1</UserSelection>
                  <Blue>127</Blue>
                  <Green>127</Green>
                  <Red>127</Red>
                  <Opacity>1</Opacity>
                </Color>
                <Visible>True</Visible>
              </UIParams>
              <Location>
                <CheckCalendarEvent>False</CheckCalendarEvent>
                <isNull>True</isNull>
                <Description />
                <Address />
                <YCoordinate>40.015</YCoordinate>
                <XCoordinate>105.2705</XCoordinate>
              </Location>
              <Complete>False</Complete>
              <Enabled>True</Enabled>
              <ID>1037_7_0_1038</ID>
              <Rigid>True</Rigid>
              <ThirdPartyID />
              <PrepTime>00:00:00</PrepTime>
              <ActiveStartTime>5/19/2016 5:15:37 AM</ActiveStartTime>
              <ActiveEndTime>5/19/2016 6:15:37 AM</ActiveEndTime>
              <Duration>01:00:00</Duration>
              <StartTime>5/19/2016 5:15:37 AM</StartTime>
              <EndTime>5/19/2016 6:15:37 AM</EndTime>
            </EventSubSchedule>
          </EventSubSchedules>
          <RepetitionFlag>False</RepetitionFlag>
          <Completed>False</Completed>
        </EventSchedule>
        <EventSchedule>
          <Recurrence />
          <ProcrastinationProfile>
            <ProcrastinationPreferredStart>1/1/0001 12:00:00 AM +00:00</ProcrastinationPreferredStart>
            <ProcrastinationDislikedStart>1/1/0001 12:00:00 AM +00:00</ProcrastinationDislikedStart>
            <ProcrastinationDislikedDaySection>0</ProcrastinationDislikedDaySection>
          </ProcrastinationProfile>
          <NowProfile>
            <Initialized>False</Initialized>
            <PreferredStart>1/1/0001 12:00:00 AM +00:00</PreferredStart>
          </NowProfile>
          <Restricted>False</Restricted>
          <MiscData>
            <TypeSelection>0</TypeSelection>
            <UserNote />
          </MiscData>
          <UIParams>
            <Type>0</Type>
            <Color>
              <UserSelection>-1</UserSelection>
              <Blue>127</Blue>
              <Green>127</Green>
              <Red>127</Red>
              <Opacity>1</Opacity>
            </Color>
            <Visible>True</Visible>
          </UIParams>
          <Location>
            <CheckCalendarEvent>False</CheckCalendarEvent>
            <isNull>True</isNull>
            <Description />
            <Address />
            <YCoordinate>40.015</YCoordinate>
            <XCoordinate>105.2705</XCoordinate>
          </Location>
          <Enabled>True</Enabled>
          <ID>1039_7_0_0</ID>
          <Name>TestCalendarEvent6c72d0c7-80f1-4136-8a41-46b7ad38f11a</Name>
          <StartTime>3/18/2016 2:16:00 AM</StartTime>
          <PreDeadline>00:00:00</PreDeadline>
          <DeletionCount>0</DeletionCount>
          <CompletionCount>0</CompletionCount>
          <PrepTime>00:00:00</PrepTime>
          <Deadline>5/18/2016 2:16:00 AM</Deadline>
          <Split>1</Split>
          <Duration>01:00:00</Duration>
          <RigidFlag>True</RigidFlag>
          <EventSubSchedules>
            <EventSubSchedule>
              <PauseInformation>
                <UsedUpTime>00:00:00</UsedUpTime>
                <PauseTime>1/1/0001 12:00:00 AM +00:00</PauseTime>
              </PauseInformation>
              <Restricted>False</Restricted>
              <ConflictProfile>
                <ConflictIDs />
                <Flag>False</Flag>
                <Type>0</Type>
              </ConflictProfile>
              <MiscData>
                <TypeSelection>0</TypeSelection>
                <UserNote />
              </MiscData>
              <UIParams>
                <Type>0</Type>
                <Color>
                  <UserSelection>-1</UserSelection>
                  <Blue>127</Blue>
                  <Green>127</Green>
                  <Red>127</Red>
                  <Opacity>1</Opacity>
                </Color>
                <Visible>True</Visible>
              </UIParams>
              <Location>
                <CheckCalendarEvent>False</CheckCalendarEvent>
                <isNull>True</isNull>
                <Description />
                <Address />
                <YCoordinate>40.015</YCoordinate>
                <XCoordinate>105.2705</XCoordinate>
              </Location>
              <Complete>False</Complete>
              <Enabled>True</Enabled>
              <ID>1039_7_0_1040</ID>
              <Rigid>True</Rigid>
              <ThirdPartyID />
              <PrepTime>00:00:00</PrepTime>
              <ActiveStartTime>5/19/2016 1:16:38 AM</ActiveStartTime>
              <ActiveEndTime>5/19/2016 2:16:38 AM</ActiveEndTime>
              <Duration>01:00:00</Duration>
              <StartTime>5/19/2016 1:16:38 AM</StartTime>
              <EndTime>5/19/2016 2:16:38 AM</EndTime>
            </EventSubSchedule>
          </EventSubSchedules>
          <RepetitionFlag>False</RepetitionFlag>
          <Completed>False</Completed>
        </EventSchedule>
        <EventSchedule>
          <Recurrence />
          <ProcrastinationProfile>
            <ProcrastinationPreferredStart>1/1/0001 12:00:00 AM +00:00</ProcrastinationPreferredStart>
            <ProcrastinationDislikedStart>1/1/0001 12:00:00 AM +00:00</ProcrastinationDislikedStart>
            <ProcrastinationDislikedDaySection>0</ProcrastinationDislikedDaySection>
          </ProcrastinationProfile>
          <NowProfile>
            <Initialized>False</Initialized>
            <PreferredStart>1/1/0001 12:00:00 AM +00:00</PreferredStart>
          </NowProfile>
          <Restricted>False</Restricted>
          <MiscData>
            <TypeSelection>0</TypeSelection>
            <UserNote />
          </MiscData>
          <UIParams>
            <Type>0</Type>
            <Color>
              <UserSelection>-1</UserSelection>
              <Blue>127</Blue>
              <Green>127</Green>
              <Red>127</Red>
              <Opacity>1</Opacity>
            </Color>
            <Visible>True</Visible>
          </UIParams>
          <Location>
            <CheckCalendarEvent>False</CheckCalendarEvent>
            <isNull>True</isNull>
            <Description />
            <Address />
            <YCoordinate>40.015</YCoordinate>
            <XCoordinate>105.2705</XCoordinate>
          </Location>
          <Enabled>True</Enabled>
          <ID>1043_7_0_0</ID>
          <Name>TestCalendarEventacd4ff53-aa0f-44dd-a05c-fcbbe6aff4f0</Name>
          <StartTime>5/4/2016 1:41:00 PM</StartTime>
          <PreDeadline>00:00:00</PreDeadline>
          <DeletionCount>0</DeletionCount>
          <CompletionCount>0</CompletionCount>
          <PrepTime>00:00:00</PrepTime>
          <Deadline>7/4/2016 1:41:00 PM</Deadline>
          <Split>1</Split>
          <Duration>01:00:00</Duration>
          <RigidFlag>True</RigidFlag>
          <EventSubSchedules>
            <EventSubSchedule>
              <PauseInformation>
                <UsedUpTime>00:00:00</UsedUpTime>
                <PauseTime>1/1/0001 12:00:00 AM +00:00</PauseTime>
              </PauseInformation>
              <Restricted>False</Restricted>
              <ConflictProfile>
                <ConflictIDs />
                <Flag>False</Flag>
                <Type>0</Type>
              </ConflictProfile>
              <MiscData>
                <TypeSelection>0</TypeSelection>
                <UserNote />
              </MiscData>
              <UIParams>
                <Type>0</Type>
                <Color>
                  <UserSelection>-1</UserSelection>
                  <Blue>127</Blue>
                  <Green>127</Green>
                  <Red>127</Red>
                  <Opacity>1</Opacity>
                </Color>
                <Visible>True</Visible>
              </UIParams>
              <Location>
                <CheckCalendarEvent>False</CheckCalendarEvent>
                <isNull>True</isNull>
                <Description />
                <Address />
                <YCoordinate>40.015</YCoordinate>
                <XCoordinate>105.2705</XCoordinate>
              </Location>
              <Complete>False</Complete>
              <Enabled>True</Enabled>
              <ID>1043_7_0_1044</ID>
              <Rigid>True</Rigid>
              <ThirdPartyID />
              <PrepTime>00:00:00</PrepTime>
              <ActiveStartTime>7/5/2016 4:41:57 AM</ActiveStartTime>
              <ActiveEndTime>7/5/2016 5:41:57 AM</ActiveEndTime>
              <Duration>01:00:00</Duration>
              <StartTime>7/5/2016 4:41:57 AM</StartTime>
              <EndTime>7/5/2016 5:41:57 AM</EndTime>
            </EventSubSchedule>
          </EventSubSchedules>
          <RepetitionFlag>False</RepetitionFlag>
          <Completed>False</Completed>
        </EventSchedule>
        <EventSchedule>
          <Recurrence />
          <ProcrastinationProfile>
            <ProcrastinationPreferredStart>1/1/0001 12:00:00 AM +00:00</ProcrastinationPreferredStart>
            <ProcrastinationDislikedStart>1/1/0001 12:00:00 AM +00:00</ProcrastinationDislikedStart>
            <ProcrastinationDislikedDaySection>0</ProcrastinationDislikedDaySection>
          </ProcrastinationProfile>
          <NowProfile>
            <Initialized>False</Initialized>
            <PreferredStart>1/1/0001 12:00:00 AM +00:00</PreferredStart>
          </NowProfile>
          <Restricted>False</Restricted>
          <MiscData>
            <TypeSelection>0</TypeSelection>
            <UserNote />
          </MiscData>
          <UIParams>
            <Type>0</Type>
            <Color>
              <UserSelection>-1</UserSelection>
              <Blue>127</Blue>
              <Green>127</Green>
              <Red>127</Red>
              <Opacity>1</Opacity>
            </Color>
            <Visible>True</Visible>
          </UIParams>
          <Location>
            <CheckCalendarEvent>False</CheckCalendarEvent>
            <isNull>True</isNull>
            <Description />
            <Address />
            <YCoordinate>40.015</YCoordinate>
            <XCoordinate>105.2705</XCoordinate>
          </Location>
          <Enabled>True</Enabled>
          <ID>1047_7_0_0</ID>
          <Name>TestCalendarEvent37e02ac1-6db7-4115-b64f-cfc6f61c5f69</Name>
          <StartTime>5/4/2016 1:44:00 PM</StartTime>
          <PreDeadline>00:00:00</PreDeadline>
          <DeletionCount>0</DeletionCount>
          <CompletionCount>0</CompletionCount>
          <PrepTime>00:00:00</PrepTime>
          <Deadline>7/4/2016 1:44:00 PM</Deadline>
          <Split>1</Split>
          <Duration>01:00:00</Duration>
          <RigidFlag>True</RigidFlag>
          <EventSubSchedules>
            <EventSubSchedule>
              <PauseInformation>
                <UsedUpTime>00:00:00</UsedUpTime>
                <PauseTime>1/1/0001 12:00:00 AM +00:00</PauseTime>
              </PauseInformation>
              <Restricted>False</Restricted>
              <ConflictProfile>
                <ConflictIDs />
                <Flag>False</Flag>
                <Type>0</Type>
              </ConflictProfile>
              <MiscData>
                <TypeSelection>0</TypeSelection>
                <UserNote />
              </MiscData>
              <UIParams>
                <Type>0</Type>
                <Color>
                  <UserSelection>-1</UserSelection>
                  <Blue>127</Blue>
                  <Green>127</Green>
                  <Red>127</Red>
                  <Opacity>1</Opacity>
                </Color>
                <Visible>True</Visible>
              </UIParams>
              <Location>
                <CheckCalendarEvent>False</CheckCalendarEvent>
                <isNull>True</isNull>
                <Description />
                <Address />
                <YCoordinate>40.015</YCoordinate>
                <XCoordinate>105.2705</XCoordinate>
              </Location>
              <Complete>False</Complete>
              <Enabled>True</Enabled>
              <ID>1047_7_0_1048</ID>
              <Rigid>True</Rigid>
              <ThirdPartyID />
              <PrepTime>00:00:00</PrepTime>
              <ActiveStartTime>7/4/2016 8:44:44 PM</ActiveStartTime>
              <ActiveEndTime>7/4/2016 9:44:44 PM</ActiveEndTime>
              <Duration>01:00:00</Duration>
              <StartTime>7/4/2016 8:44:44 PM</StartTime>
              <EndTime>7/4/2016 9:44:44 PM</EndTime>
            </EventSubSchedule>
          </EventSubSchedules>
          <RepetitionFlag>False</RepetitionFlag>
          <Completed>False</Completed>
        </EventSchedule>
        <EventSchedule>
          <Recurrence />
          <ProcrastinationProfile>
            <ProcrastinationPreferredStart>1/1/0001 12:00:00 AM +00:00</ProcrastinationPreferredStart>
            <ProcrastinationDislikedStart>1/1/0001 12:00:00 AM +00:00</ProcrastinationDislikedStart>
            <ProcrastinationDislikedDaySection>0</ProcrastinationDislikedDaySection>
          </ProcrastinationProfile>
          <NowProfile>
            <Initialized>False</Initialized>
            <PreferredStart>1/1/0001 12:00:00 AM +00:00</PreferredStart>
          </NowProfile>
          <Restricted>False</Restricted>
          <MiscData>
            <TypeSelection>0</TypeSelection>
            <UserNote />
          </MiscData>
          <UIParams>
            <Type>0</Type>
            <Color>
              <UserSelection>-1</UserSelection>
              <Blue>127</Blue>
              <Green>127</Green>
              <Red>127</Red>
              <Opacity>1</Opacity>
            </Color>
            <Visible>True</Visible>
          </UIParams>
          <Location>
            <CheckCalendarEvent>False</CheckCalendarEvent>
            <isNull>True</isNull>
            <Description />
            <Address />
            <YCoordinate>40.015</YCoordinate>
            <XCoordinate>105.2705</XCoordinate>
          </Location>
          <Enabled>True</Enabled>
          <ID>1049_7_0_0</ID>
          <Name>TestCalendarEventb0a9cb7b-c318-4e54-a985-97c6d08b1702</Name>
          <StartTime>5/4/2016 1:45:00 PM</StartTime>
          <PreDeadline>00:00:00</PreDeadline>
          <DeletionCount>0</DeletionCount>
          <CompletionCount>0</CompletionCount>
          <PrepTime>00:00:00</PrepTime>
          <Deadline>6/4/2016 1:45:00 PM</Deadline>
          <Split>1</Split>
          <Duration>01:00:00</Duration>
          <RigidFlag>True</RigidFlag>
          <EventSubSchedules>
            <EventSubSchedule>
              <PauseInformation>
                <UsedUpTime>00:00:00</UsedUpTime>
                <PauseTime>1/1/0001 12:00:00 AM +00:00</PauseTime>
              </PauseInformation>
              <Restricted>False</Restricted>
              <ConflictProfile>
                <ConflictIDs />
                <Flag>False</Flag>
                <Type>0</Type>
              </ConflictProfile>
              <MiscData>
                <TypeSelection>0</TypeSelection>
                <UserNote />
              </MiscData>
              <UIParams>
                <Type>0</Type>
                <Color>
                  <UserSelection>-1</UserSelection>
                  <Blue>127</Blue>
                  <Green>127</Green>
                  <Red>127</Red>
                  <Opacity>1</Opacity>
                </Color>
                <Visible>True</Visible>
              </UIParams>
              <Location>
                <CheckCalendarEvent>False</CheckCalendarEvent>
                <isNull>True</isNull>
                <Description />
                <Address />
                <YCoordinate>40.015</YCoordinate>
                <XCoordinate>105.2705</XCoordinate>
              </Location>
              <Complete>False</Complete>
              <Enabled>True</Enabled>
              <ID>1049_7_0_1050</ID>
              <Rigid>True</Rigid>
              <ThirdPartyID />
              <PrepTime>00:00:00</PrepTime>
              <ActiveStartTime>6/4/2016 4:45:13 PM</ActiveStartTime>
              <ActiveEndTime>6/4/2016 5:45:13 PM</ActiveEndTime>
              <Duration>01:00:00</Duration>
              <StartTime>6/4/2016 4:45:13 PM</StartTime>
              <EndTime>6/4/2016 5:45:13 PM</EndTime>
            </EventSubSchedule>
          </EventSubSchedules>
          <RepetitionFlag>False</RepetitionFlag>
          <Completed>False</Completed>
        </EventSchedule>
      </EventSchedules>
      <LocationCache>
        <Locations />
      </LocationCache>
    </ScheduleLog>
  </AfterProcessing>
</BigDataLog>