﻿<?xml version="1.0" encoding="utf-8"?>
<BigDataLog>
  <TimeOfCreation>
    <eventIds />
    <TriggerTimeForEvent>2016-08-09T06:44:23.9280233+00:00</TriggerTimeForEvent>
    <Type>None</Type>
    <Ids />
  </TimeOfCreation>
  <MiscData>
  </MiscData>
  <BeforeProcessing>
    <ScheduleLog>
      <LastIDCounter>1037</LastIDCounter>
      <referenceDay>8:00 AM</referenceDay>
      <EventSchedules>
        <EventSchedule>
          <Recurrence />
          <ProcrastinationProfile>
            <ProcrastinationPreferredStart>1/1/0001 12:00:00 AM +00:00</ProcrastinationPreferredStart>
            <ProcrastinationDislikedStart>1/1/0001 12:00:00 AM +00:00</ProcrastinationDislikedStart>
            <ProcrastinationDislikedDaySection>0</ProcrastinationDislikedDaySection>
          </ProcrastinationProfile>
          <NowProfile>
            <Initialized>False</Initialized>
            <PreferredStart>1/1/0001 12:00:00 AM +00:00</PreferredStart>
          </NowProfile>
          <Restricted>False</Restricted>
          <MiscData>
            <TypeSelection>0</TypeSelection>
            <UserNote />
          </MiscData>
          <UIParams>
            <Type>0</Type>
            <Color>
              <UserSelection>-1</UserSelection>
              <Blue>127</Blue>
              <Green>127</Green>
              <Red>127</Red>
              <Opacity>1</Opacity>
            </Color>
            <Visible>True</Visible>
          </UIParams>
          <Location>
            <CheckCalendarEvent>False</CheckCalendarEvent>
            <isNull>True</isNull>
            <Description />
            <Address />
            <YCoordinate>40.015</YCoordinate>
            <XCoordinate>105.2705</XCoordinate>
          </Location>
          <Enabled>True</Enabled>
          <ID>1028_7_0_0</ID>
          <Name>TestCalendarEvent-6bbb188a-3a3f-406a-91dd-09e6bc274813</Name>
          <StartTime>8/9/2016 6:40:00 AM</StartTime>
          <PreDeadline>00:00:00</PreDeadline>
          <DeletionCount>0</DeletionCount>
          <CompletionCount>0</CompletionCount>
          <PrepTime>00:00:00</PrepTime>
          <Deadline>8/9/2016 7:40:00 AM</Deadline>
          <Split>1</Split>
          <Duration>01:00:00</Duration>
          <RigidFlag>True</RigidFlag>
          <EventSubSchedules>
            <EventSubSchedule>
              <PauseInformation>
                <UsedUpTime>00:00:00</UsedUpTime>
                <PauseTime>1/1/0001 12:00:00 AM +00:00</PauseTime>
              </PauseInformation>
              <Restricted>False</Restricted>
              <ConflictProfile>
                <ConflictIDs />
                <Flag>False</Flag>
                <Type>0</Type>
              </ConflictProfile>
              <MiscData>
                <TypeSelection>0</TypeSelection>
                <UserNote />
              </MiscData>
              <UIParams>
                <Type>0</Type>
                <Color>
                  <UserSelection>-1</UserSelection>
                  <Blue>127</Blue>
                  <Green>127</Green>
                  <Red>127</Red>
                  <Opacity>1</Opacity>
                </Color>
                <Visible>True</Visible>
              </UIParams>
              <Location>
                <CheckCalendarEvent>False</CheckCalendarEvent>
                <isNull>True</isNull>
                <Description />
                <Address />
                <YCoordinate>40.015</YCoordinate>
                <XCoordinate>105.2705</XCoordinate>
              </Location>
              <Complete>False</Complete>
              <Enabled>True</Enabled>
              <ID>1028_7_0_1029</ID>
              <Rigid>True</Rigid>
              <ThirdPartyID />
              <PrepTime>00:00:00</PrepTime>
              <ActiveStartTime>8/9/2016 6:40:45 AM</ActiveStartTime>
              <ActiveEndTime>8/9/2016 7:40:45 AM</ActiveEndTime>
              <Duration>01:00:00</Duration>
              <StartTime>8/9/2016 6:40:45 AM</StartTime>
              <EndTime>8/9/2016 7:40:45 AM</EndTime>
            </EventSubSchedule>
          </EventSubSchedules>
          <RepetitionFlag>False</RepetitionFlag>
          <Completed>False</Completed>
        </EventSchedule>
        <EventSchedule>
          <Recurrence />
          <ProcrastinationProfile>
            <ProcrastinationPreferredStart>1/1/0001 12:00:00 AM +00:00</ProcrastinationPreferredStart>
            <ProcrastinationDislikedStart>1/1/0001 12:00:00 AM +00:00</ProcrastinationDislikedStart>
            <ProcrastinationDislikedDaySection>0</ProcrastinationDislikedDaySection>
          </ProcrastinationProfile>
          <NowProfile>
            <Initialized>False</Initialized>
            <PreferredStart>1/1/0001 12:00:00 AM +00:00</PreferredStart>
          </NowProfile>
          <Restricted>False</Restricted>
          <MiscData>
            <TypeSelection>0</TypeSelection>
            <UserNote />
          </MiscData>
          <UIParams>
            <Type>0</Type>
            <Color>
              <UserSelection>-1</UserSelection>
              <Blue>127</Blue>
              <Green>127</Green>
              <Red>127</Red>
              <Opacity>1</Opacity>
            </Color>
            <Visible>True</Visible>
          </UIParams>
          <Location>
            <CheckCalendarEvent>False</CheckCalendarEvent>
            <isNull>True</isNull>
            <Description />
            <Address />
            <YCoordinate>40.015</YCoordinate>
            <XCoordinate>105.2705</XCoordinate>
          </Location>
          <Enabled>True</Enabled>
          <ID>1030_7_0_0</ID>
          <Name>TestCalendarEvent-b07f5c3b-f3f6-47a0-9431-bce45db84c66</Name>
          <StartTime>8/9/2016 6:44:23 AM</StartTime>
          <PreDeadline>00:00:00</PreDeadline>
          <DeletionCount>0</DeletionCount>
          <CompletionCount>0</CompletionCount>
          <PrepTime>00:00:00</PrepTime>
          <Deadline>8/9/2016 7:44:23 AM</Deadline>
          <Split>1</Split>
          <Duration>01:00:00</Duration>
          <RigidFlag>True</RigidFlag>
          <EventSubSchedules>
            <EventSubSchedule>
              <PauseInformation>
                <UsedUpTime>00:00:00</UsedUpTime>
                <PauseTime>1/1/0001 12:00:00 AM +00:00</PauseTime>
              </PauseInformation>
              <Restricted>False</Restricted>
              <ConflictProfile>
                <ConflictIDs />
                <Flag>False</Flag>
                <Type>0</Type>
              </ConflictProfile>
              <MiscData>
                <TypeSelection>0</TypeSelection>
                <UserNote />
              </MiscData>
              <UIParams>
                <Type>0</Type>
                <Color>
                  <UserSelection>-1</UserSelection>
                  <Blue>127</Blue>
                  <Green>127</Green>
                  <Red>127</Red>
                  <Opacity>1</Opacity>
                </Color>
                <Visible>True</Visible>
              </UIParams>
              <Location>
                <CheckCalendarEvent>False</CheckCalendarEvent>
                <isNull>True</isNull>
                <Description />
                <Address />
                <YCoordinate>40.015</YCoordinate>
                <XCoordinate>105.2705</XCoordinate>
              </Location>
              <Complete>False</Complete>
              <Enabled>True</Enabled>
              <ID>1030_7_0_1031</ID>
              <Rigid>True</Rigid>
              <ThirdPartyID />
              <PrepTime>00:00:00</PrepTime>
              <ActiveStartTime>8/9/2016 6:44:23 AM</ActiveStartTime>
              <ActiveEndTime>8/9/2016 7:44:23 AM</ActiveEndTime>
              <Duration>01:00:00</Duration>
              <StartTime>8/9/2016 6:44:23 AM</StartTime>
              <EndTime>8/9/2016 7:44:23 AM</EndTime>
            </EventSubSchedule>
          </EventSubSchedules>
          <RepetitionFlag>False</RepetitionFlag>
          <Completed>False</Completed>
        </EventSchedule>
      </EventSchedules>
      <LocationCache>
        <Locations />
        <LastID>12</LastID>
      </LocationCache>
    </ScheduleLog>
  </BeforeProcessing>
  <AfterProcessing>
    <ScheduleLog>
      <LastIDCounter>1045</LastIDCounter>
      <referenceDay>8:00 AM</referenceDay>
      <EventSchedules>
        <EventSchedule>
          <Recurrence />
          <ProcrastinationProfile>
            <ProcrastinationPreferredStart>1/1/0001 12:00:00 AM +00:00</ProcrastinationPreferredStart>
            <ProcrastinationDislikedStart>1/1/0001 12:00:00 AM +00:00</ProcrastinationDislikedStart>
            <ProcrastinationDislikedDaySection>0</ProcrastinationDislikedDaySection>
          </ProcrastinationProfile>
          <NowProfile>
            <Initialized>False</Initialized>
            <PreferredStart>1/1/0001 12:00:00 AM +00:00</PreferredStart>
          </NowProfile>
          <Restricted>False</Restricted>
          <MiscData>
            <TypeSelection>0</TypeSelection>
            <UserNote />
          </MiscData>
          <UIParams>
            <Type>0</Type>
            <Color>
              <UserSelection>-1</UserSelection>
              <Blue>127</Blue>
              <Green>127</Green>
              <Red>127</Red>
              <Opacity>1</Opacity>
            </Color>
            <Visible>True</Visible>
          </UIParams>
          <Location>
            <CheckCalendarEvent>False</CheckCalendarEvent>
            <isNull>True</isNull>
            <Description />
            <Address />
            <YCoordinate>40.015</YCoordinate>
            <XCoordinate>105.2705</XCoordinate>
          </Location>
          <Enabled>True</Enabled>
          <ID>1028_7_0_0</ID>
          <Name>TestCalendarEvent-6bbb188a-3a3f-406a-91dd-09e6bc274813</Name>
          <StartTime>8/9/2016 6:40:00 AM</StartTime>
          <PreDeadline>00:00:00</PreDeadline>
          <DeletionCount>0</DeletionCount>
          <CompletionCount>0</CompletionCount>
          <PrepTime>00:00:00</PrepTime>
          <Deadline>8/9/2016 7:40:00 AM</Deadline>
          <Split>1</Split>
          <Duration>01:00:00</Duration>
          <RigidFlag>True</RigidFlag>
          <EventSubSchedules>
            <EventSubSchedule>
              <PauseInformation>
                <UsedUpTime>00:00:00</UsedUpTime>
                <PauseTime>1/1/0001 12:00:00 AM +00:00</PauseTime>
              </PauseInformation>
              <Restricted>False</Restricted>
              <ConflictProfile>
                <ConflictIDs />
                <Flag>False</Flag>
                <Type>0</Type>
              </ConflictProfile>
              <MiscData>
                <TypeSelection>0</TypeSelection>
                <UserNote />
              </MiscData>
              <UIParams>
                <Type>0</Type>
                <Color>
                  <UserSelection>-1</UserSelection>
                  <Blue>127</Blue>
                  <Green>127</Green>
                  <Red>127</Red>
                  <Opacity>1</Opacity>
                </Color>
                <Visible>True</Visible>
              </UIParams>
              <Location>
                <CheckCalendarEvent>False</CheckCalendarEvent>
                <isNull>True</isNull>
                <Description />
                <Address />
                <YCoordinate>40.015</YCoordinate>
                <XCoordinate>105.2705</XCoordinate>
              </Location>
              <Complete>False</Complete>
              <Enabled>True</Enabled>
              <ID>1028_7_0_1029</ID>
              <Rigid>True</Rigid>
              <ThirdPartyID />
              <PrepTime>00:00:00</PrepTime>
              <ActiveStartTime>8/9/2016 6:40:45 AM</ActiveStartTime>
              <ActiveEndTime>8/9/2016 7:40:45 AM</ActiveEndTime>
              <Duration>01:00:00</Duration>
              <StartTime>8/9/2016 6:40:45 AM</StartTime>
              <EndTime>8/9/2016 7:40:45 AM</EndTime>
            </EventSubSchedule>
          </EventSubSchedules>
          <RepetitionFlag>False</RepetitionFlag>
          <Completed>False</Completed>
        </EventSchedule>
        <EventSchedule>
          <Recurrence />
          <ProcrastinationProfile>
            <ProcrastinationPreferredStart>1/1/0001 12:00:00 AM +00:00</ProcrastinationPreferredStart>
            <ProcrastinationDislikedStart>1/1/0001 12:00:00 AM +00:00</ProcrastinationDislikedStart>
            <ProcrastinationDislikedDaySection>0</ProcrastinationDislikedDaySection>
          </ProcrastinationProfile>
          <NowProfile>
            <Initialized>False</Initialized>
            <PreferredStart>1/1/0001 12:00:00 AM +00:00</PreferredStart>
          </NowProfile>
          <Restricted>False</Restricted>
          <MiscData>
            <TypeSelection>0</TypeSelection>
            <UserNote />
          </MiscData>
          <UIParams>
            <Type>0</Type>
            <Color>
              <UserSelection>-1</UserSelection>
              <Blue>127</Blue>
              <Green>127</Green>
              <Red>127</Red>
              <Opacity>1</Opacity>
            </Color>
            <Visible>True</Visible>
          </UIParams>
          <Location>
            <CheckCalendarEvent>False</CheckCalendarEvent>
            <isNull>True</isNull>
            <Description />
            <Address />
            <YCoordinate>40.015</YCoordinate>
            <XCoordinate>105.2705</XCoordinate>
          </Location>
          <Enabled>True</Enabled>
          <ID>1030_7_0_0</ID>
          <Name>TestCalendarEvent-b07f5c3b-f3f6-47a0-9431-bce45db84c66</Name>
          <StartTime>8/9/2016 6:44:00 AM</StartTime>
          <PreDeadline>00:00:00</PreDeadline>
          <DeletionCount>0</DeletionCount>
          <CompletionCount>0</CompletionCount>
          <PrepTime>00:00:00</PrepTime>
          <Deadline>8/9/2016 7:44:00 AM</Deadline>
          <Split>1</Split>
          <Duration>01:00:00</Duration>
          <RigidFlag>True</RigidFlag>
          <EventSubSchedules>
            <EventSubSchedule>
              <PauseInformation>
                <UsedUpTime>00:00:00</UsedUpTime>
                <PauseTime>1/1/0001 12:00:00 AM +00:00</PauseTime>
              </PauseInformation>
              <Restricted>False</Restricted>
              <ConflictProfile>
                <ConflictIDs />
                <Flag>False</Flag>
                <Type>0</Type>
              </ConflictProfile>
              <MiscData>
                <TypeSelection>0</TypeSelection>
                <UserNote />
              </MiscData>
              <UIParams>
                <Type>0</Type>
                <Color>
                  <UserSelection>-1</UserSelection>
                  <Blue>127</Blue>
                  <Green>127</Green>
                  <Red>127</Red>
                  <Opacity>1</Opacity>
                </Color>
                <Visible>True</Visible>
              </UIParams>
              <Location>
                <CheckCalendarEvent>False</CheckCalendarEvent>
                <isNull>True</isNull>
                <Description />
                <Address />
                <YCoordinate>40.015</YCoordinate>
                <XCoordinate>105.2705</XCoordinate>
              </Location>
              <Complete>False</Complete>
              <Enabled>True</Enabled>
              <ID>1030_7_0_1031</ID>
              <Rigid>True</Rigid>
              <ThirdPartyID />
              <PrepTime>00:00:00</PrepTime>
              <ActiveStartTime>8/9/2016 6:44:23 AM</ActiveStartTime>
              <ActiveEndTime>8/9/2016 7:44:23 AM</ActiveEndTime>
              <Duration>01:00:00</Duration>
              <StartTime>8/9/2016 6:44:23 AM</StartTime>
              <EndTime>8/9/2016 7:44:23 AM</EndTime>
            </EventSubSchedule>
          </EventSubSchedules>
          <RepetitionFlag>False</RepetitionFlag>
          <Completed>False</Completed>
        </EventSchedule>
        <EventSchedule>
          <Recurrence />
          <ProcrastinationProfile>
            <ProcrastinationPreferredStart>1/1/0001 12:00:00 AM +00:00</ProcrastinationPreferredStart>
            <ProcrastinationDislikedStart>1/1/0001 12:00:00 AM +00:00</ProcrastinationDislikedStart>
            <ProcrastinationDislikedDaySection>0</ProcrastinationDislikedDaySection>
          </ProcrastinationProfile>
          <NowProfile>
            <Initialized>False</Initialized>
            <PreferredStart>1/1/0001 12:00:00 AM +00:00</PreferredStart>
          </NowProfile>
          <Restricted>False</Restricted>
          <MiscData>
            <TypeSelection>0</TypeSelection>
            <UserNote />
          </MiscData>
          <UIParams>
            <Type>0</Type>
            <Color>
              <UserSelection>-1</UserSelection>
              <Blue>127</Blue>
              <Green>127</Green>
              <Red>127</Red>
              <Opacity>1</Opacity>
            </Color>
            <Visible>True</Visible>
          </UIParams>
          <Location>
            <CheckCalendarEvent>False</CheckCalendarEvent>
            <isNull>True</isNull>
            <Description />
            <Address />
            <YCoordinate>40.015</YCoordinate>
            <XCoordinate>105.2705</XCoordinate>
          </Location>
          <Enabled>True</Enabled>
          <ID>1038_7_0_0</ID>
          <Name>TestCalendarEvent-33b22dbf-6c92-4ae2-a5ba-371af7f75978</Name>
          <StartTime>8/9/2016 6:44:23 AM</StartTime>
          <PreDeadline>00:00:00</PreDeadline>
          <DeletionCount>0</DeletionCount>
          <CompletionCount>0</CompletionCount>
          <PrepTime>00:00:00</PrepTime>
          <Deadline>8/9/2016 7:44:23 AM</Deadline>
          <Split>1</Split>
          <Duration>01:00:00</Duration>
          <RigidFlag>True</RigidFlag>
          <EventSubSchedules>
            <EventSubSchedule>
              <PauseInformation>
                <UsedUpTime>00:00:00</UsedUpTime>
                <PauseTime>1/1/0001 12:00:00 AM +00:00</PauseTime>
              </PauseInformation>
              <Restricted>False</Restricted>
              <ConflictProfile>
                <ConflictIDs />
                <Flag>False</Flag>
                <Type>0</Type>
              </ConflictProfile>
              <MiscData>
                <TypeSelection>0</TypeSelection>
                <UserNote />
              </MiscData>
              <UIParams>
                <Type>0</Type>
                <Color>
                  <UserSelection>-1</UserSelection>
                  <Blue>127</Blue>
                  <Green>127</Green>
                  <Red>127</Red>
                  <Opacity>1</Opacity>
                </Color>
                <Visible>True</Visible>
              </UIParams>
              <Location>
                <CheckCalendarEvent>False</CheckCalendarEvent>
                <isNull>True</isNull>
                <Description />
                <Address />
                <YCoordinate>40.015</YCoordinate>
                <XCoordinate>105.2705</XCoordinate>
              </Location>
              <Complete>False</Complete>
              <Enabled>True</Enabled>
              <ID>1038_7_0_1039</ID>
              <Rigid>True</Rigid>
              <ThirdPartyID />
              <PrepTime>00:00:00</PrepTime>
              <ActiveStartTime>8/9/2016 6:44:23 AM</ActiveStartTime>
              <ActiveEndTime>8/9/2016 7:44:23 AM</ActiveEndTime>
              <Duration>01:00:00</Duration>
              <StartTime>8/9/2016 6:44:23 AM</StartTime>
              <EndTime>8/9/2016 7:44:23 AM</EndTime>
            </EventSubSchedule>
          </EventSubSchedules>
          <RepetitionFlag>False</RepetitionFlag>
          <Completed>False</Completed>
        </EventSchedule>
      </EventSchedules>
      <LocationCache>
        <Locations />
        <LastID>12</LastID>
      </LocationCache>
    </ScheduleLog>
  </AfterProcessing>
</BigDataLog>