﻿<?xml version="1.0" encoding="utf-8"?>
<BigDataLog>
  <TimeOfCreation>
    <eventIds />
    <TriggerTimeForEvent>2016-10-23T04:14:30.0627321+00:00</TriggerTimeForEvent>
    <Type>None</Type>
    <Ids />
  </TimeOfCreation>
  <MiscData>
  </MiscData>
  <BeforeProcessing>
    <ScheduleLog>
      <LastIDCounter>1266</LastIDCounter>
      <referenceDay>8:00 AM</referenceDay>
      <EventSchedules>
        <EventSchedule>
          <Recurrence />
          <ProcrastinationProfile>
            <ProcrastinationPreferredStart>1/1/0001 12:00:00 AM +00:00</ProcrastinationPreferredStart>
            <ProcrastinationDislikedStart>1/1/0001 12:00:00 AM +00:00</ProcrastinationDislikedStart>
            <ProcrastinationDislikedDaySection>0</ProcrastinationDislikedDaySection>
          </ProcrastinationProfile>
          <NowProfile>
            <Initialized>False</Initialized>
            <PreferredStart>1/1/0001 12:00:00 AM +00:00</PreferredStart>
          </NowProfile>
          <Restricted>False</Restricted>
          <MiscData>
            <TypeSelection>0</TypeSelection>
            <UserNote />
          </MiscData>
          <UIParams>
            <Type>0</Type>
            <Color>
              <UserSelection>-1</UserSelection>
              <Blue>127</Blue>
              <Green>127</Green>
              <Red>127</Red>
              <Opacity>1</Opacity>
            </Color>
            <Visible>True</Visible>
          </UIParams>
          <Location>
            <CheckCalendarEvent>False</CheckCalendarEvent>
            <isNull>True</isNull>
            <Description />
            <Address />
            <YCoordinate>40.015</YCoordinate>
            <XCoordinate>105.2705</XCoordinate>
          </Location>
          <Enabled>True</Enabled>
          <ID>1201_7_0_0</ID>
          <Name>TestCalendarEvent-0981a71a-3ec3-44f0-b58b-49b88d6d096b</Name>
          <StartTime>10/23/2016 4:00:00 AM</StartTime>
          <PreDeadline>00:00:00</PreDeadline>
          <DeletionCount>0</DeletionCount>
          <CompletionCount>0</CompletionCount>
          <PrepTime>00:00:00</PrepTime>
          <Deadline>10/23/2016 5:00:00 AM</Deadline>
          <Split>1</Split>
          <Duration>01:00:00</Duration>
          <RigidFlag>True</RigidFlag>
          <EventSubSchedules>
            <EventSubSchedule>
              <PauseInformation>
                <UsedUpTime>00:00:00</UsedUpTime>
                <PauseTime>1/1/0001 12:00:00 AM +00:00</PauseTime>
              </PauseInformation>
              <Restricted>False</Restricted>
              <TimePositionReasons />
              <ConflictProfile>
                <ConflictIDs />
                <Flag>False</Flag>
                <Type>0</Type>
              </ConflictProfile>
              <MiscData>
                <TypeSelection>0</TypeSelection>
                <UserNote />
              </MiscData>
              <UIParams>
                <Type>0</Type>
                <Color>
                  <UserSelection>-1</UserSelection>
                  <Blue>127</Blue>
                  <Green>127</Green>
                  <Red>127</Red>
                  <Opacity>1</Opacity>
                </Color>
                <Visible>True</Visible>
              </UIParams>
              <Location>
                <CheckCalendarEvent>False</CheckCalendarEvent>
                <isNull>True</isNull>
                <Description />
                <Address />
                <YCoordinate>40.015</YCoordinate>
                <XCoordinate>105.2705</XCoordinate>
              </Location>
              <Complete>False</Complete>
              <Enabled>True</Enabled>
              <ID>1201_7_0_1202</ID>
              <Rigid>True</Rigid>
              <ThirdPartyID />
              <PrepTime>00:00:00</PrepTime>
              <ActiveStartTime>10/23/2016 4:00:16 AM</ActiveStartTime>
              <ActiveEndTime>10/23/2016 5:00:16 AM</ActiveEndTime>
              <Duration>01:00:00</Duration>
              <StartTime>10/23/2016 4:00:16 AM</StartTime>
              <EndTime>10/23/2016 5:00:16 AM</EndTime>
            </EventSubSchedule>
          </EventSubSchedules>
          <RepetitionFlag>False</RepetitionFlag>
          <Completed>False</Completed>
        </EventSchedule>
        <EventSchedule>
          <Recurrence />
          <ProcrastinationProfile>
            <ProcrastinationPreferredStart>1/1/0001 12:00:00 AM +00:00</ProcrastinationPreferredStart>
            <ProcrastinationDislikedStart>1/1/0001 12:00:00 AM +00:00</ProcrastinationDislikedStart>
            <ProcrastinationDislikedDaySection>0</ProcrastinationDislikedDaySection>
          </ProcrastinationProfile>
          <NowProfile>
            <Initialized>False</Initialized>
            <PreferredStart>1/1/0001 12:00:00 AM +00:00</PreferredStart>
          </NowProfile>
          <Restricted>False</Restricted>
          <MiscData>
            <TypeSelection>0</TypeSelection>
            <UserNote />
          </MiscData>
          <UIParams>
            <Type>0</Type>
            <Color>
              <UserSelection>-1</UserSelection>
              <Blue>127</Blue>
              <Green>127</Green>
              <Red>127</Red>
              <Opacity>1</Opacity>
            </Color>
            <Visible>True</Visible>
          </UIParams>
          <Location>
            <CheckCalendarEvent>False</CheckCalendarEvent>
            <isNull>True</isNull>
            <Description />
            <Address />
            <YCoordinate>40.015</YCoordinate>
            <XCoordinate>105.2705</XCoordinate>
          </Location>
          <Enabled>True</Enabled>
          <ID>1203_7_0_0</ID>
          <Name>TestCalendarEvent-13e53dc4-0f05-47ec-a6b9-b8ef86e6b41b</Name>
          <StartTime>10/23/2016 4:00:00 AM</StartTime>
          <PreDeadline>00:00:00</PreDeadline>
          <DeletionCount>0</DeletionCount>
          <CompletionCount>0</CompletionCount>
          <PrepTime>00:00:00</PrepTime>
          <Deadline>10/23/2016 5:00:00 AM</Deadline>
          <Split>1</Split>
          <Duration>01:00:00</Duration>
          <RigidFlag>True</RigidFlag>
          <EventSubSchedules>
            <EventSubSchedule>
              <PauseInformation>
                <UsedUpTime>00:00:00</UsedUpTime>
                <PauseTime>1/1/0001 12:00:00 AM +00:00</PauseTime>
              </PauseInformation>
              <Restricted>False</Restricted>
              <TimePositionReasons />
              <ConflictProfile>
                <ConflictIDs />
                <Flag>False</Flag>
                <Type>0</Type>
              </ConflictProfile>
              <MiscData>
                <TypeSelection>0</TypeSelection>
                <UserNote />
              </MiscData>
              <UIParams>
                <Type>0</Type>
                <Color>
                  <UserSelection>-1</UserSelection>
                  <Blue>127</Blue>
                  <Green>127</Green>
                  <Red>127</Red>
                  <Opacity>1</Opacity>
                </Color>
                <Visible>True</Visible>
              </UIParams>
              <Location>
                <CheckCalendarEvent>False</CheckCalendarEvent>
                <isNull>True</isNull>
                <Description />
                <Address />
                <YCoordinate>40.015</YCoordinate>
                <XCoordinate>105.2705</XCoordinate>
              </Location>
              <Complete>False</Complete>
              <Enabled>True</Enabled>
              <ID>1203_7_0_1204</ID>
              <Rigid>True</Rigid>
              <ThirdPartyID />
              <PrepTime>00:00:00</PrepTime>
              <ActiveStartTime>10/23/2016 4:00:17 AM</ActiveStartTime>
              <ActiveEndTime>10/23/2016 5:00:17 AM</ActiveEndTime>
              <Duration>01:00:00</Duration>
              <StartTime>10/23/2016 4:00:17 AM</StartTime>
              <EndTime>10/23/2016 5:00:17 AM</EndTime>
            </EventSubSchedule>
          </EventSubSchedules>
          <RepetitionFlag>False</RepetitionFlag>
          <Completed>False</Completed>
        </EventSchedule>
        <EventSchedule>
          <Recurrence />
          <ProcrastinationProfile>
            <ProcrastinationPreferredStart>1/1/0001 12:00:00 AM +00:00</ProcrastinationPreferredStart>
            <ProcrastinationDislikedStart>1/1/0001 12:00:00 AM +00:00</ProcrastinationDislikedStart>
            <ProcrastinationDislikedDaySection>0</ProcrastinationDislikedDaySection>
          </ProcrastinationProfile>
          <NowProfile>
            <Initialized>False</Initialized>
            <PreferredStart>1/1/0001 12:00:00 AM +00:00</PreferredStart>
          </NowProfile>
          <Restricted>False</Restricted>
          <MiscData>
            <TypeSelection>0</TypeSelection>
            <UserNote />
          </MiscData>
          <UIParams>
            <Type>0</Type>
            <Color>
              <UserSelection>-1</UserSelection>
              <Blue>127</Blue>
              <Green>127</Green>
              <Red>127</Red>
              <Opacity>1</Opacity>
            </Color>
            <Visible>True</Visible>
          </UIParams>
          <Location>
            <CheckCalendarEvent>False</CheckCalendarEvent>
            <isNull>True</isNull>
            <Description />
            <Address />
            <YCoordinate>40.015</YCoordinate>
            <XCoordinate>105.2705</XCoordinate>
          </Location>
          <Enabled>True</Enabled>
          <ID>1211_7_0_0</ID>
          <Name>TestCalendarEvent-3dd4a41e-2d1f-4c9d-aec0-913d1e2c1280</Name>
          <StartTime>10/23/2016 4:04:00 AM</StartTime>
          <PreDeadline>00:00:00</PreDeadline>
          <DeletionCount>0</DeletionCount>
          <CompletionCount>0</CompletionCount>
          <PrepTime>00:00:00</PrepTime>
          <Deadline>10/23/2016 5:04:00 AM</Deadline>
          <Split>1</Split>
          <Duration>01:00:00</Duration>
          <RigidFlag>True</RigidFlag>
          <EventSubSchedules>
            <EventSubSchedule>
              <PauseInformation>
                <UsedUpTime>00:00:00</UsedUpTime>
                <PauseTime>1/1/0001 12:00:00 AM +00:00</PauseTime>
              </PauseInformation>
              <Restricted>False</Restricted>
              <TimePositionReasons />
              <ConflictProfile>
                <ConflictIDs />
                <Flag>False</Flag>
                <Type>0</Type>
              </ConflictProfile>
              <MiscData>
                <TypeSelection>0</TypeSelection>
                <UserNote />
              </MiscData>
              <UIParams>
                <Type>0</Type>
                <Color>
                  <UserSelection>-1</UserSelection>
                  <Blue>127</Blue>
                  <Green>127</Green>
                  <Red>127</Red>
                  <Opacity>1</Opacity>
                </Color>
                <Visible>True</Visible>
              </UIParams>
              <Location>
                <CheckCalendarEvent>False</CheckCalendarEvent>
                <isNull>True</isNull>
                <Description />
                <Address />
                <YCoordinate>40.015</YCoordinate>
                <XCoordinate>105.2705</XCoordinate>
              </Location>
              <Complete>False</Complete>
              <Enabled>True</Enabled>
              <ID>1211_7_0_1212</ID>
              <Rigid>True</Rigid>
              <ThirdPartyID />
              <PrepTime>00:00:00</PrepTime>
              <ActiveStartTime>10/23/2016 4:04:32 AM</ActiveStartTime>
              <ActiveEndTime>10/23/2016 5:04:32 AM</ActiveEndTime>
              <Duration>01:00:00</Duration>
              <StartTime>10/23/2016 4:04:32 AM</StartTime>
              <EndTime>10/23/2016 5:04:32 AM</EndTime>
            </EventSubSchedule>
          </EventSubSchedules>
          <RepetitionFlag>False</RepetitionFlag>
          <Completed>False</Completed>
        </EventSchedule>
        <EventSchedule>
          <Recurrence />
          <ProcrastinationProfile>
            <ProcrastinationPreferredStart>1/1/0001 12:00:00 AM +00:00</ProcrastinationPreferredStart>
            <ProcrastinationDislikedStart>1/1/0001 12:00:00 AM +00:00</ProcrastinationDislikedStart>
            <ProcrastinationDislikedDaySection>0</ProcrastinationDislikedDaySection>
          </ProcrastinationProfile>
          <NowProfile>
            <Initialized>False</Initialized>
            <PreferredStart>1/1/0001 12:00:00 AM +00:00</PreferredStart>
          </NowProfile>
          <Restricted>False</Restricted>
          <MiscData>
            <TypeSelection>0</TypeSelection>
            <UserNote />
          </MiscData>
          <UIParams>
            <Type>0</Type>
            <Color>
              <UserSelection>-1</UserSelection>
              <Blue>127</Blue>
              <Green>127</Green>
              <Red>127</Red>
              <Opacity>1</Opacity>
            </Color>
            <Visible>True</Visible>
          </UIParams>
          <Location>
            <CheckCalendarEvent>False</CheckCalendarEvent>
            <isNull>True</isNull>
            <Description />
            <Address />
            <YCoordinate>40.015</YCoordinate>
            <XCoordinate>105.2705</XCoordinate>
          </Location>
          <Enabled>True</Enabled>
          <ID>1219_7_0_0</ID>
          <Name>TestCalendarEvent-52ddafcf-69ef-42bc-ba43-4d3eee70c4a9</Name>
          <StartTime>10/23/2016 4:04:00 AM</StartTime>
          <PreDeadline>00:00:00</PreDeadline>
          <DeletionCount>0</DeletionCount>
          <CompletionCount>0</CompletionCount>
          <PrepTime>00:00:00</PrepTime>
          <Deadline>10/23/2016 5:04:00 AM</Deadline>
          <Split>1</Split>
          <Duration>01:00:00</Duration>
          <RigidFlag>True</RigidFlag>
          <EventSubSchedules>
            <EventSubSchedule>
              <PauseInformation>
                <UsedUpTime>00:00:00</UsedUpTime>
                <PauseTime>1/1/0001 12:00:00 AM +00:00</PauseTime>
              </PauseInformation>
              <Restricted>False</Restricted>
              <TimePositionReasons />
              <ConflictProfile>
                <ConflictIDs />
                <Flag>False</Flag>
                <Type>0</Type>
              </ConflictProfile>
              <MiscData>
                <TypeSelection>0</TypeSelection>
                <UserNote />
              </MiscData>
              <UIParams>
                <Type>0</Type>
                <Color>
                  <UserSelection>-1</UserSelection>
                  <Blue>127</Blue>
                  <Green>127</Green>
                  <Red>127</Red>
                  <Opacity>1</Opacity>
                </Color>
                <Visible>True</Visible>
              </UIParams>
              <Location>
                <CheckCalendarEvent>False</CheckCalendarEvent>
                <isNull>True</isNull>
                <Description />
                <Address />
                <YCoordinate>40.015</YCoordinate>
                <XCoordinate>105.2705</XCoordinate>
              </Location>
              <Complete>False</Complete>
              <Enabled>True</Enabled>
              <ID>1219_7_0_1220</ID>
              <Rigid>True</Rigid>
              <ThirdPartyID />
              <PrepTime>00:00:00</PrepTime>
              <ActiveStartTime>10/23/2016 4:04:32 AM</ActiveStartTime>
              <ActiveEndTime>10/23/2016 5:04:32 AM</ActiveEndTime>
              <Duration>01:00:00</Duration>
              <StartTime>10/23/2016 4:04:32 AM</StartTime>
              <EndTime>10/23/2016 5:04:32 AM</EndTime>
            </EventSubSchedule>
          </EventSubSchedules>
          <RepetitionFlag>False</RepetitionFlag>
          <Completed>False</Completed>
        </EventSchedule>
        <EventSchedule>
          <Recurrence />
          <ProcrastinationProfile>
            <ProcrastinationPreferredStart>1/1/0001 12:00:00 AM +00:00</ProcrastinationPreferredStart>
            <ProcrastinationDislikedStart>1/1/0001 12:00:00 AM +00:00</ProcrastinationDislikedStart>
            <ProcrastinationDislikedDaySection>0</ProcrastinationDislikedDaySection>
          </ProcrastinationProfile>
          <NowProfile>
            <Initialized>False</Initialized>
            <PreferredStart>1/1/0001 12:00:00 AM +00:00</PreferredStart>
          </NowProfile>
          <Restricted>False</Restricted>
          <MiscData>
            <TypeSelection>0</TypeSelection>
            <UserNote />
          </MiscData>
          <UIParams>
            <Type>0</Type>
            <Color>
              <UserSelection>-1</UserSelection>
              <Blue>127</Blue>
              <Green>127</Green>
              <Red>127</Red>
              <Opacity>1</Opacity>
            </Color>
            <Visible>True</Visible>
          </UIParams>
          <Location>
            <CheckCalendarEvent>False</CheckCalendarEvent>
            <isNull>True</isNull>
            <Description />
            <Address />
            <YCoordinate>40.015</YCoordinate>
            <XCoordinate>105.2705</XCoordinate>
          </Location>
          <Enabled>True</Enabled>
          <ID>1227_7_0_0</ID>
          <Name>TestCalendarEvent-80e4ff44-3d93-4030-9197-6cf26ca12521</Name>
          <StartTime>10/23/2016 4:08:00 AM</StartTime>
          <PreDeadline>00:00:00</PreDeadline>
          <DeletionCount>0</DeletionCount>
          <CompletionCount>0</CompletionCount>
          <PrepTime>00:00:00</PrepTime>
          <Deadline>10/23/2016 5:08:00 AM</Deadline>
          <Split>1</Split>
          <Duration>01:00:00</Duration>
          <RigidFlag>True</RigidFlag>
          <EventSubSchedules>
            <EventSubSchedule>
              <PauseInformation>
                <UsedUpTime>00:00:00</UsedUpTime>
                <PauseTime>1/1/0001 12:00:00 AM +00:00</PauseTime>
              </PauseInformation>
              <Restricted>False</Restricted>
              <TimePositionReasons />
              <ConflictProfile>
                <ConflictIDs />
                <Flag>False</Flag>
                <Type>0</Type>
              </ConflictProfile>
              <MiscData>
                <TypeSelection>0</TypeSelection>
                <UserNote />
              </MiscData>
              <UIParams>
                <Type>0</Type>
                <Color>
                  <UserSelection>-1</UserSelection>
                  <Blue>127</Blue>
                  <Green>127</Green>
                  <Red>127</Red>
                  <Opacity>1</Opacity>
                </Color>
                <Visible>True</Visible>
              </UIParams>
              <Location>
                <CheckCalendarEvent>False</CheckCalendarEvent>
                <isNull>True</isNull>
                <Description />
                <Address />
                <YCoordinate>40.015</YCoordinate>
                <XCoordinate>105.2705</XCoordinate>
              </Location>
              <Complete>False</Complete>
              <Enabled>True</Enabled>
              <ID>1227_7_0_1228</ID>
              <Rigid>True</Rigid>
              <ThirdPartyID />
              <PrepTime>00:00:00</PrepTime>
              <ActiveStartTime>10/23/2016 4:08:46 AM</ActiveStartTime>
              <ActiveEndTime>10/23/2016 5:08:46 AM</ActiveEndTime>
              <Duration>01:00:00</Duration>
              <StartTime>10/23/2016 4:08:46 AM</StartTime>
              <EndTime>10/23/2016 5:08:46 AM</EndTime>
            </EventSubSchedule>
          </EventSubSchedules>
          <RepetitionFlag>False</RepetitionFlag>
          <Completed>False</Completed>
        </EventSchedule>
        <EventSchedule>
          <Recurrence />
          <ProcrastinationProfile>
            <ProcrastinationPreferredStart>1/1/0001 12:00:00 AM +00:00</ProcrastinationPreferredStart>
            <ProcrastinationDislikedStart>1/1/0001 12:00:00 AM +00:00</ProcrastinationDislikedStart>
            <ProcrastinationDislikedDaySection>0</ProcrastinationDislikedDaySection>
          </ProcrastinationProfile>
          <NowProfile>
            <Initialized>False</Initialized>
            <PreferredStart>1/1/0001 12:00:00 AM +00:00</PreferredStart>
          </NowProfile>
          <Restricted>False</Restricted>
          <MiscData>
            <TypeSelection>0</TypeSelection>
            <UserNote />
          </MiscData>
          <UIParams>
            <Type>0</Type>
            <Color>
              <UserSelection>-1</UserSelection>
              <Blue>127</Blue>
              <Green>127</Green>
              <Red>127</Red>
              <Opacity>1</Opacity>
            </Color>
            <Visible>True</Visible>
          </UIParams>
          <Location>
            <CheckCalendarEvent>False</CheckCalendarEvent>
            <isNull>True</isNull>
            <Description />
            <Address />
            <YCoordinate>40.015</YCoordinate>
            <XCoordinate>105.2705</XCoordinate>
          </Location>
          <Enabled>True</Enabled>
          <ID>1235_7_0_0</ID>
          <Name>TestCalendarEvent-1bbd5d7f-a9f6-4159-8105-338022139f65</Name>
          <StartTime>10/23/2016 4:08:00 AM</StartTime>
          <PreDeadline>00:00:00</PreDeadline>
          <DeletionCount>0</DeletionCount>
          <CompletionCount>0</CompletionCount>
          <PrepTime>00:00:00</PrepTime>
          <Deadline>10/23/2016 5:08:00 AM</Deadline>
          <Split>1</Split>
          <Duration>01:00:00</Duration>
          <RigidFlag>True</RigidFlag>
          <EventSubSchedules>
            <EventSubSchedule>
              <PauseInformation>
                <UsedUpTime>00:00:00</UsedUpTime>
                <PauseTime>1/1/0001 12:00:00 AM +00:00</PauseTime>
              </PauseInformation>
              <Restricted>False</Restricted>
              <TimePositionReasons />
              <ConflictProfile>
                <ConflictIDs />
                <Flag>False</Flag>
                <Type>0</Type>
              </ConflictProfile>
              <MiscData>
                <TypeSelection>0</TypeSelection>
                <UserNote />
              </MiscData>
              <UIParams>
                <Type>0</Type>
                <Color>
                  <UserSelection>-1</UserSelection>
                  <Blue>127</Blue>
                  <Green>127</Green>
                  <Red>127</Red>
                  <Opacity>1</Opacity>
                </Color>
                <Visible>True</Visible>
              </UIParams>
              <Location>
                <CheckCalendarEvent>False</CheckCalendarEvent>
                <isNull>True</isNull>
                <Description />
                <Address />
                <YCoordinate>40.015</YCoordinate>
                <XCoordinate>105.2705</XCoordinate>
              </Location>
              <Complete>False</Complete>
              <Enabled>True</Enabled>
              <ID>1235_7_0_1236</ID>
              <Rigid>True</Rigid>
              <ThirdPartyID />
              <PrepTime>00:00:00</PrepTime>
              <ActiveStartTime>10/23/2016 4:08:46 AM</ActiveStartTime>
              <ActiveEndTime>10/23/2016 5:08:46 AM</ActiveEndTime>
              <Duration>01:00:00</Duration>
              <StartTime>10/23/2016 4:08:46 AM</StartTime>
              <EndTime>10/23/2016 5:08:46 AM</EndTime>
            </EventSubSchedule>
          </EventSubSchedules>
          <RepetitionFlag>False</RepetitionFlag>
          <Completed>False</Completed>
        </EventSchedule>
        <EventSchedule>
          <Recurrence />
          <ProcrastinationProfile>
            <ProcrastinationPreferredStart>1/1/0001 12:00:00 AM +00:00</ProcrastinationPreferredStart>
            <ProcrastinationDislikedStart>1/1/0001 12:00:00 AM +00:00</ProcrastinationDislikedStart>
            <ProcrastinationDislikedDaySection>0</ProcrastinationDislikedDaySection>
          </ProcrastinationProfile>
          <NowProfile>
            <Initialized>False</Initialized>
            <PreferredStart>1/1/0001 12:00:00 AM +00:00</PreferredStart>
          </NowProfile>
          <Restricted>False</Restricted>
          <MiscData>
            <TypeSelection>0</TypeSelection>
            <UserNote />
          </MiscData>
          <UIParams>
            <Type>0</Type>
            <Color>
              <UserSelection>-1</UserSelection>
              <Blue>127</Blue>
              <Green>127</Green>
              <Red>127</Red>
              <Opacity>1</Opacity>
            </Color>
            <Visible>True</Visible>
          </UIParams>
          <Location>
            <CheckCalendarEvent>False</CheckCalendarEvent>
            <isNull>True</isNull>
            <Description />
            <Address />
            <YCoordinate>40.015</YCoordinate>
            <XCoordinate>105.2705</XCoordinate>
          </Location>
          <Enabled>True</Enabled>
          <ID>1243_7_0_0</ID>
          <Name>TestCalendarEvent-aa823993-3631-4373-8742-5ef1ea374e0b</Name>
          <StartTime>10/23/2016 4:13:00 AM</StartTime>
          <PreDeadline>00:00:00</PreDeadline>
          <DeletionCount>0</DeletionCount>
          <CompletionCount>0</CompletionCount>
          <PrepTime>00:00:00</PrepTime>
          <Deadline>10/23/2016 5:13:00 AM</Deadline>
          <Split>1</Split>
          <Duration>01:00:00</Duration>
          <RigidFlag>True</RigidFlag>
          <EventSubSchedules>
            <EventSubSchedule>
              <PauseInformation>
                <UsedUpTime>00:00:00</UsedUpTime>
                <PauseTime>1/1/0001 12:00:00 AM +00:00</PauseTime>
              </PauseInformation>
              <Restricted>False</Restricted>
              <TimePositionReasons />
              <ConflictProfile>
                <ConflictIDs />
                <Flag>False</Flag>
                <Type>0</Type>
              </ConflictProfile>
              <MiscData>
                <TypeSelection>0</TypeSelection>
                <UserNote />
              </MiscData>
              <UIParams>
                <Type>0</Type>
                <Color>
                  <UserSelection>-1</UserSelection>
                  <Blue>127</Blue>
                  <Green>127</Green>
                  <Red>127</Red>
                  <Opacity>1</Opacity>
                </Color>
                <Visible>True</Visible>
              </UIParams>
              <Location>
                <CheckCalendarEvent>False</CheckCalendarEvent>
                <isNull>True</isNull>
                <Description />
                <Address />
                <YCoordinate>40.015</YCoordinate>
                <XCoordinate>105.2705</XCoordinate>
              </Location>
              <Complete>False</Complete>
              <Enabled>True</Enabled>
              <ID>1243_7_0_1244</ID>
              <Rigid>True</Rigid>
              <ThirdPartyID />
              <PrepTime>00:00:00</PrepTime>
              <ActiveStartTime>10/23/2016 4:13:11 AM</ActiveStartTime>
              <ActiveEndTime>10/23/2016 5:13:11 AM</ActiveEndTime>
              <Duration>01:00:00</Duration>
              <StartTime>10/23/2016 4:13:11 AM</StartTime>
              <EndTime>10/23/2016 5:13:11 AM</EndTime>
            </EventSubSchedule>
          </EventSubSchedules>
          <RepetitionFlag>False</RepetitionFlag>
          <Completed>False</Completed>
        </EventSchedule>
        <EventSchedule>
          <Recurrence />
          <ProcrastinationProfile>
            <ProcrastinationPreferredStart>1/1/0001 12:00:00 AM +00:00</ProcrastinationPreferredStart>
            <ProcrastinationDislikedStart>1/1/0001 12:00:00 AM +00:00</ProcrastinationDislikedStart>
            <ProcrastinationDislikedDaySection>0</ProcrastinationDislikedDaySection>
          </ProcrastinationProfile>
          <NowProfile>
            <Initialized>False</Initialized>
            <PreferredStart>1/1/0001 12:00:00 AM +00:00</PreferredStart>
          </NowProfile>
          <Restricted>False</Restricted>
          <MiscData>
            <TypeSelection>0</TypeSelection>
            <UserNote />
          </MiscData>
          <UIParams>
            <Type>0</Type>
            <Color>
              <UserSelection>-1</UserSelection>
              <Blue>127</Blue>
              <Green>127</Green>
              <Red>127</Red>
              <Opacity>1</Opacity>
            </Color>
            <Visible>True</Visible>
          </UIParams>
          <Location>
            <CheckCalendarEvent>False</CheckCalendarEvent>
            <isNull>True</isNull>
            <Description />
            <Address />
            <YCoordinate>40.015</YCoordinate>
            <XCoordinate>105.2705</XCoordinate>
          </Location>
          <Enabled>True</Enabled>
          <ID>1251_7_0_0</ID>
          <Name>TestCalendarEvent-1f556f09-d8e7-4883-8e85-3c6c0afcc30d</Name>
          <StartTime>10/23/2016 4:13:00 AM</StartTime>
          <PreDeadline>00:00:00</PreDeadline>
          <DeletionCount>0</DeletionCount>
          <CompletionCount>0</CompletionCount>
          <PrepTime>00:00:00</PrepTime>
          <Deadline>10/23/2016 5:13:00 AM</Deadline>
          <Split>1</Split>
          <Duration>01:00:00</Duration>
          <RigidFlag>True</RigidFlag>
          <EventSubSchedules>
            <EventSubSchedule>
              <PauseInformation>
                <UsedUpTime>00:00:00</UsedUpTime>
                <PauseTime>1/1/0001 12:00:00 AM +00:00</PauseTime>
              </PauseInformation>
              <Restricted>False</Restricted>
              <TimePositionReasons />
              <ConflictProfile>
                <ConflictIDs />
                <Flag>False</Flag>
                <Type>0</Type>
              </ConflictProfile>
              <MiscData>
                <TypeSelection>0</TypeSelection>
                <UserNote />
              </MiscData>
              <UIParams>
                <Type>0</Type>
                <Color>
                  <UserSelection>-1</UserSelection>
                  <Blue>127</Blue>
                  <Green>127</Green>
                  <Red>127</Red>
                  <Opacity>1</Opacity>
                </Color>
                <Visible>True</Visible>
              </UIParams>
              <Location>
                <CheckCalendarEvent>False</CheckCalendarEvent>
                <isNull>True</isNull>
                <Description />
                <Address />
                <YCoordinate>40.015</YCoordinate>
                <XCoordinate>105.2705</XCoordinate>
              </Location>
              <Complete>False</Complete>
              <Enabled>True</Enabled>
              <ID>1251_7_0_1252</ID>
              <Rigid>True</Rigid>
              <ThirdPartyID />
              <PrepTime>00:00:00</PrepTime>
              <ActiveStartTime>10/23/2016 4:13:12 AM</ActiveStartTime>
              <ActiveEndTime>10/23/2016 5:13:12 AM</ActiveEndTime>
              <Duration>01:00:00</Duration>
              <StartTime>10/23/2016 4:13:12 AM</StartTime>
              <EndTime>10/23/2016 5:13:12 AM</EndTime>
            </EventSubSchedule>
          </EventSubSchedules>
          <RepetitionFlag>False</RepetitionFlag>
          <Completed>False</Completed>
        </EventSchedule>
        <EventSchedule>
          <Recurrence />
          <ProcrastinationProfile>
            <ProcrastinationPreferredStart>1/1/0001 12:00:00 AM +00:00</ProcrastinationPreferredStart>
            <ProcrastinationDislikedStart>1/1/0001 12:00:00 AM +00:00</ProcrastinationDislikedStart>
            <ProcrastinationDislikedDaySection>0</ProcrastinationDislikedDaySection>
          </ProcrastinationProfile>
          <NowProfile>
            <Initialized>False</Initialized>
            <PreferredStart>1/1/0001 12:00:00 AM +00:00</PreferredStart>
          </NowProfile>
          <Restricted>False</Restricted>
          <MiscData>
            <TypeSelection>0</TypeSelection>
            <UserNote />
          </MiscData>
          <UIParams>
            <Type>0</Type>
            <Color>
              <UserSelection>-1</UserSelection>
              <Blue>127</Blue>
              <Green>127</Green>
              <Red>127</Red>
              <Opacity>1</Opacity>
            </Color>
            <Visible>True</Visible>
          </UIParams>
          <Location>
            <CheckCalendarEvent>False</CheckCalendarEvent>
            <isNull>True</isNull>
            <Description />
            <Address />
            <YCoordinate>40.015</YCoordinate>
            <XCoordinate>105.2705</XCoordinate>
          </Location>
          <Enabled>True</Enabled>
          <ID>1259_7_0_0</ID>
          <Name>TestCalendarEvent-12ac460d-3122-4a36-9a30-5c80dd04a5da</Name>
          <StartTime>10/23/2016 4:14:29 AM</StartTime>
          <PreDeadline>00:00:00</PreDeadline>
          <DeletionCount>0</DeletionCount>
          <CompletionCount>0</CompletionCount>
          <PrepTime>00:00:00</PrepTime>
          <Deadline>10/23/2016 5:14:29 AM</Deadline>
          <Split>1</Split>
          <Duration>01:00:00</Duration>
          <RigidFlag>True</RigidFlag>
          <EventSubSchedules>
            <EventSubSchedule>
              <PauseInformation>
                <UsedUpTime>00:00:00</UsedUpTime>
                <PauseTime>1/1/0001 12:00:00 AM +00:00</PauseTime>
              </PauseInformation>
              <Restricted>False</Restricted>
              <TimePositionReasons />
              <ConflictProfile>
                <ConflictIDs />
                <Flag>False</Flag>
                <Type>0</Type>
              </ConflictProfile>
              <MiscData>
                <TypeSelection>0</TypeSelection>
                <UserNote />
              </MiscData>
              <UIParams>
                <Type>0</Type>
                <Color>
                  <UserSelection>-1</UserSelection>
                  <Blue>127</Blue>
                  <Green>127</Green>
                  <Red>127</Red>
                  <Opacity>1</Opacity>
                </Color>
                <Visible>True</Visible>
              </UIParams>
              <Location>
                <CheckCalendarEvent>False</CheckCalendarEvent>
                <isNull>True</isNull>
                <Description />
                <Address />
                <YCoordinate>40.015</YCoordinate>
                <XCoordinate>105.2705</XCoordinate>
              </Location>
              <Complete>False</Complete>
              <Enabled>True</Enabled>
              <ID>1259_7_0_1260</ID>
              <Rigid>True</Rigid>
              <ThirdPartyID />
              <PrepTime>00:00:00</PrepTime>
              <ActiveStartTime>10/23/2016 4:14:29 AM</ActiveStartTime>
              <ActiveEndTime>10/23/2016 5:14:29 AM</ActiveEndTime>
              <Duration>01:00:00</Duration>
              <StartTime>10/23/2016 4:14:29 AM</StartTime>
              <EndTime>10/23/2016 5:14:29 AM</EndTime>
            </EventSubSchedule>
          </EventSubSchedules>
          <RepetitionFlag>False</RepetitionFlag>
          <Completed>False</Completed>
        </EventSchedule>
      </EventSchedules>
      <LocationCache>
        <Locations />
      </LocationCache>
    </ScheduleLog>
  </BeforeProcessing>
  <AfterProcessing>
    <ScheduleLog>
      <LastIDCounter>1274</LastIDCounter>
      <referenceDay>8:00 AM</referenceDay>
      <EventSchedules>
        <EventSchedule>
          <Recurrence />
          <ProcrastinationProfile>
            <ProcrastinationPreferredStart>1/1/0001 12:00:00 AM +00:00</ProcrastinationPreferredStart>
            <ProcrastinationDislikedStart>1/1/0001 12:00:00 AM +00:00</ProcrastinationDislikedStart>
            <ProcrastinationDislikedDaySection>0</ProcrastinationDislikedDaySection>
          </ProcrastinationProfile>
          <NowProfile>
            <Initialized>False</Initialized>
            <PreferredStart>1/1/0001 12:00:00 AM +00:00</PreferredStart>
          </NowProfile>
          <Restricted>False</Restricted>
          <MiscData>
            <TypeSelection>0</TypeSelection>
            <UserNote />
          </MiscData>
          <UIParams>
            <Type>0</Type>
            <Color>
              <UserSelection>-1</UserSelection>
              <Blue>127</Blue>
              <Green>127</Green>
              <Red>127</Red>
              <Opacity>1</Opacity>
            </Color>
            <Visible>True</Visible>
          </UIParams>
          <Location>
            <CheckCalendarEvent>False</CheckCalendarEvent>
            <isNull>True</isNull>
            <Description />
            <Address />
            <YCoordinate>40.015</YCoordinate>
            <XCoordinate>105.2705</XCoordinate>
          </Location>
          <Enabled>True</Enabled>
          <ID>1201_7_0_0</ID>
          <Name>TestCalendarEvent-0981a71a-3ec3-44f0-b58b-49b88d6d096b</Name>
          <StartTime>10/23/2016 4:00:00 AM</StartTime>
          <PreDeadline>00:00:00</PreDeadline>
          <DeletionCount>0</DeletionCount>
          <CompletionCount>0</CompletionCount>
          <PrepTime>00:00:00</PrepTime>
          <Deadline>10/23/2016 5:00:00 AM</Deadline>
          <Split>1</Split>
          <Duration>01:00:00</Duration>
          <RigidFlag>True</RigidFlag>
          <EventSubSchedules>
            <EventSubSchedule>
              <PauseInformation>
                <UsedUpTime>00:00:00</UsedUpTime>
                <PauseTime>1/1/0001 12:00:00 AM +00:00</PauseTime>
              </PauseInformation>
              <Restricted>False</Restricted>
              <TimePositionReasons />
              <ConflictProfile>
                <ConflictIDs />
                <Flag>False</Flag>
                <Type>0</Type>
              </ConflictProfile>
              <MiscData>
                <TypeSelection>0</TypeSelection>
                <UserNote />
              </MiscData>
              <UIParams>
                <Type>0</Type>
                <Color>
                  <UserSelection>-1</UserSelection>
                  <Blue>127</Blue>
                  <Green>127</Green>
                  <Red>127</Red>
                  <Opacity>1</Opacity>
                </Color>
                <Visible>True</Visible>
              </UIParams>
              <Location>
                <CheckCalendarEvent>False</CheckCalendarEvent>
                <isNull>True</isNull>
                <Description />
                <Address />
                <YCoordinate>40.015</YCoordinate>
                <XCoordinate>105.2705</XCoordinate>
              </Location>
              <Complete>False</Complete>
              <Enabled>True</Enabled>
              <ID>1201_7_0_1202</ID>
              <Rigid>True</Rigid>
              <ThirdPartyID />
              <PrepTime>00:00:00</PrepTime>
              <ActiveStartTime>10/23/2016 4:00:16 AM</ActiveStartTime>
              <ActiveEndTime>10/23/2016 5:00:16 AM</ActiveEndTime>
              <Duration>01:00:00</Duration>
              <StartTime>10/23/2016 4:00:16 AM</StartTime>
              <EndTime>10/23/2016 5:00:16 AM</EndTime>
            </EventSubSchedule>
          </EventSubSchedules>
          <RepetitionFlag>False</RepetitionFlag>
          <Completed>False</Completed>
        </EventSchedule>
        <EventSchedule>
          <Recurrence />
          <ProcrastinationProfile>
            <ProcrastinationPreferredStart>1/1/0001 12:00:00 AM +00:00</ProcrastinationPreferredStart>
            <ProcrastinationDislikedStart>1/1/0001 12:00:00 AM +00:00</ProcrastinationDislikedStart>
            <ProcrastinationDislikedDaySection>0</ProcrastinationDislikedDaySection>
          </ProcrastinationProfile>
          <NowProfile>
            <Initialized>False</Initialized>
            <PreferredStart>1/1/0001 12:00:00 AM +00:00</PreferredStart>
          </NowProfile>
          <Restricted>False</Restricted>
          <MiscData>
            <TypeSelection>0</TypeSelection>
            <UserNote />
          </MiscData>
          <UIParams>
            <Type>0</Type>
            <Color>
              <UserSelection>-1</UserSelection>
              <Blue>127</Blue>
              <Green>127</Green>
              <Red>127</Red>
              <Opacity>1</Opacity>
            </Color>
            <Visible>True</Visible>
          </UIParams>
          <Location>
            <CheckCalendarEvent>False</CheckCalendarEvent>
            <isNull>True</isNull>
            <Description />
            <Address />
            <YCoordinate>40.015</YCoordinate>
            <XCoordinate>105.2705</XCoordinate>
          </Location>
          <Enabled>True</Enabled>
          <ID>1203_7_0_0</ID>
          <Name>TestCalendarEvent-13e53dc4-0f05-47ec-a6b9-b8ef86e6b41b</Name>
          <StartTime>10/23/2016 4:00:00 AM</StartTime>
          <PreDeadline>00:00:00</PreDeadline>
          <DeletionCount>0</DeletionCount>
          <CompletionCount>0</CompletionCount>
          <PrepTime>00:00:00</PrepTime>
          <Deadline>10/23/2016 5:00:00 AM</Deadline>
          <Split>1</Split>
          <Duration>01:00:00</Duration>
          <RigidFlag>True</RigidFlag>
          <EventSubSchedules>
            <EventSubSchedule>
              <PauseInformation>
                <UsedUpTime>00:00:00</UsedUpTime>
                <PauseTime>1/1/0001 12:00:00 AM +00:00</PauseTime>
              </PauseInformation>
              <Restricted>False</Restricted>
              <TimePositionReasons />
              <ConflictProfile>
                <ConflictIDs />
                <Flag>False</Flag>
                <Type>0</Type>
              </ConflictProfile>
              <MiscData>
                <TypeSelection>0</TypeSelection>
                <UserNote />
              </MiscData>
              <UIParams>
                <Type>0</Type>
                <Color>
                  <UserSelection>-1</UserSelection>
                  <Blue>127</Blue>
                  <Green>127</Green>
                  <Red>127</Red>
                  <Opacity>1</Opacity>
                </Color>
                <Visible>True</Visible>
              </UIParams>
              <Location>
                <CheckCalendarEvent>False</CheckCalendarEvent>
                <isNull>True</isNull>
                <Description />
                <Address />
                <YCoordinate>40.015</YCoordinate>
                <XCoordinate>105.2705</XCoordinate>
              </Location>
              <Complete>False</Complete>
              <Enabled>True</Enabled>
              <ID>1203_7_0_1204</ID>
              <Rigid>True</Rigid>
              <ThirdPartyID />
              <PrepTime>00:00:00</PrepTime>
              <ActiveStartTime>10/23/2016 4:00:17 AM</ActiveStartTime>
              <ActiveEndTime>10/23/2016 5:00:17 AM</ActiveEndTime>
              <Duration>01:00:00</Duration>
              <StartTime>10/23/2016 4:00:17 AM</StartTime>
              <EndTime>10/23/2016 5:00:17 AM</EndTime>
            </EventSubSchedule>
          </EventSubSchedules>
          <RepetitionFlag>False</RepetitionFlag>
          <Completed>False</Completed>
        </EventSchedule>
        <EventSchedule>
          <Recurrence />
          <ProcrastinationProfile>
            <ProcrastinationPreferredStart>1/1/0001 12:00:00 AM +00:00</ProcrastinationPreferredStart>
            <ProcrastinationDislikedStart>1/1/0001 12:00:00 AM +00:00</ProcrastinationDislikedStart>
            <ProcrastinationDislikedDaySection>0</ProcrastinationDislikedDaySection>
          </ProcrastinationProfile>
          <NowProfile>
            <Initialized>False</Initialized>
            <PreferredStart>1/1/0001 12:00:00 AM +00:00</PreferredStart>
          </NowProfile>
          <Restricted>False</Restricted>
          <MiscData>
            <TypeSelection>0</TypeSelection>
            <UserNote />
          </MiscData>
          <UIParams>
            <Type>0</Type>
            <Color>
              <UserSelection>-1</UserSelection>
              <Blue>127</Blue>
              <Green>127</Green>
              <Red>127</Red>
              <Opacity>1</Opacity>
            </Color>
            <Visible>True</Visible>
          </UIParams>
          <Location>
            <CheckCalendarEvent>False</CheckCalendarEvent>
            <isNull>True</isNull>
            <Description />
            <Address />
            <YCoordinate>40.015</YCoordinate>
            <XCoordinate>105.2705</XCoordinate>
          </Location>
          <Enabled>True</Enabled>
          <ID>1211_7_0_0</ID>
          <Name>TestCalendarEvent-3dd4a41e-2d1f-4c9d-aec0-913d1e2c1280</Name>
          <StartTime>10/23/2016 4:04:00 AM</StartTime>
          <PreDeadline>00:00:00</PreDeadline>
          <DeletionCount>0</DeletionCount>
          <CompletionCount>0</CompletionCount>
          <PrepTime>00:00:00</PrepTime>
          <Deadline>10/23/2016 5:04:00 AM</Deadline>
          <Split>1</Split>
          <Duration>01:00:00</Duration>
          <RigidFlag>True</RigidFlag>
          <EventSubSchedules>
            <EventSubSchedule>
              <PauseInformation>
                <UsedUpTime>00:00:00</UsedUpTime>
                <PauseTime>1/1/0001 12:00:00 AM +00:00</PauseTime>
              </PauseInformation>
              <Restricted>False</Restricted>
              <TimePositionReasons />
              <ConflictProfile>
                <ConflictIDs />
                <Flag>False</Flag>
                <Type>0</Type>
              </ConflictProfile>
              <MiscData>
                <TypeSelection>0</TypeSelection>
                <UserNote />
              </MiscData>
              <UIParams>
                <Type>0</Type>
                <Color>
                  <UserSelection>-1</UserSelection>
                  <Blue>127</Blue>
                  <Green>127</Green>
                  <Red>127</Red>
                  <Opacity>1</Opacity>
                </Color>
                <Visible>True</Visible>
              </UIParams>
              <Location>
                <CheckCalendarEvent>False</CheckCalendarEvent>
                <isNull>True</isNull>
                <Description />
                <Address />
                <YCoordinate>40.015</YCoordinate>
                <XCoordinate>105.2705</XCoordinate>
              </Location>
              <Complete>False</Complete>
              <Enabled>True</Enabled>
              <ID>1211_7_0_1212</ID>
              <Rigid>True</Rigid>
              <ThirdPartyID />
              <PrepTime>00:00:00</PrepTime>
              <ActiveStartTime>10/23/2016 4:04:32 AM</ActiveStartTime>
              <ActiveEndTime>10/23/2016 5:04:32 AM</ActiveEndTime>
              <Duration>01:00:00</Duration>
              <StartTime>10/23/2016 4:04:32 AM</StartTime>
              <EndTime>10/23/2016 5:04:32 AM</EndTime>
            </EventSubSchedule>
          </EventSubSchedules>
          <RepetitionFlag>False</RepetitionFlag>
          <Completed>False</Completed>
        </EventSchedule>
        <EventSchedule>
          <Recurrence />
          <ProcrastinationProfile>
            <ProcrastinationPreferredStart>1/1/0001 12:00:00 AM +00:00</ProcrastinationPreferredStart>
            <ProcrastinationDislikedStart>1/1/0001 12:00:00 AM +00:00</ProcrastinationDislikedStart>
            <ProcrastinationDislikedDaySection>0</ProcrastinationDislikedDaySection>
          </ProcrastinationProfile>
          <NowProfile>
            <Initialized>False</Initialized>
            <PreferredStart>1/1/0001 12:00:00 AM +00:00</PreferredStart>
          </NowProfile>
          <Restricted>False</Restricted>
          <MiscData>
            <TypeSelection>0</TypeSelection>
            <UserNote />
          </MiscData>
          <UIParams>
            <Type>0</Type>
            <Color>
              <UserSelection>-1</UserSelection>
              <Blue>127</Blue>
              <Green>127</Green>
              <Red>127</Red>
              <Opacity>1</Opacity>
            </Color>
            <Visible>True</Visible>
          </UIParams>
          <Location>
            <CheckCalendarEvent>False</CheckCalendarEvent>
            <isNull>True</isNull>
            <Description />
            <Address />
            <YCoordinate>40.015</YCoordinate>
            <XCoordinate>105.2705</XCoordinate>
          </Location>
          <Enabled>True</Enabled>
          <ID>1219_7_0_0</ID>
          <Name>TestCalendarEvent-52ddafcf-69ef-42bc-ba43-4d3eee70c4a9</Name>
          <StartTime>10/23/2016 4:04:00 AM</StartTime>
          <PreDeadline>00:00:00</PreDeadline>
          <DeletionCount>0</DeletionCount>
          <CompletionCount>0</CompletionCount>
          <PrepTime>00:00:00</PrepTime>
          <Deadline>10/23/2016 5:04:00 AM</Deadline>
          <Split>1</Split>
          <Duration>01:00:00</Duration>
          <RigidFlag>True</RigidFlag>
          <EventSubSchedules>
            <EventSubSchedule>
              <PauseInformation>
                <UsedUpTime>00:00:00</UsedUpTime>
                <PauseTime>1/1/0001 12:00:00 AM +00:00</PauseTime>
              </PauseInformation>
              <Restricted>False</Restricted>
              <TimePositionReasons />
              <ConflictProfile>
                <ConflictIDs />
                <Flag>False</Flag>
                <Type>0</Type>
              </ConflictProfile>
              <MiscData>
                <TypeSelection>0</TypeSelection>
                <UserNote />
              </MiscData>
              <UIParams>
                <Type>0</Type>
                <Color>
                  <UserSelection>-1</UserSelection>
                  <Blue>127</Blue>
                  <Green>127</Green>
                  <Red>127</Red>
                  <Opacity>1</Opacity>
                </Color>
                <Visible>True</Visible>
              </UIParams>
              <Location>
                <CheckCalendarEvent>False</CheckCalendarEvent>
                <isNull>True</isNull>
                <Description />
                <Address />
                <YCoordinate>40.015</YCoordinate>
                <XCoordinate>105.2705</XCoordinate>
              </Location>
              <Complete>False</Complete>
              <Enabled>True</Enabled>
              <ID>1219_7_0_1220</ID>
              <Rigid>True</Rigid>
              <ThirdPartyID />
              <PrepTime>00:00:00</PrepTime>
              <ActiveStartTime>10/23/2016 4:04:32 AM</ActiveStartTime>
              <ActiveEndTime>10/23/2016 5:04:32 AM</ActiveEndTime>
              <Duration>01:00:00</Duration>
              <StartTime>10/23/2016 4:04:32 AM</StartTime>
              <EndTime>10/23/2016 5:04:32 AM</EndTime>
            </EventSubSchedule>
          </EventSubSchedules>
          <RepetitionFlag>False</RepetitionFlag>
          <Completed>False</Completed>
        </EventSchedule>
        <EventSchedule>
          <Recurrence />
          <ProcrastinationProfile>
            <ProcrastinationPreferredStart>1/1/0001 12:00:00 AM +00:00</ProcrastinationPreferredStart>
            <ProcrastinationDislikedStart>1/1/0001 12:00:00 AM +00:00</ProcrastinationDislikedStart>
            <ProcrastinationDislikedDaySection>0</ProcrastinationDislikedDaySection>
          </ProcrastinationProfile>
          <NowProfile>
            <Initialized>False</Initialized>
            <PreferredStart>1/1/0001 12:00:00 AM +00:00</PreferredStart>
          </NowProfile>
          <Restricted>False</Restricted>
          <MiscData>
            <TypeSelection>0</TypeSelection>
            <UserNote />
          </MiscData>
          <UIParams>
            <Type>0</Type>
            <Color>
              <UserSelection>-1</UserSelection>
              <Blue>127</Blue>
              <Green>127</Green>
              <Red>127</Red>
              <Opacity>1</Opacity>
            </Color>
            <Visible>True</Visible>
          </UIParams>
          <Location>
            <CheckCalendarEvent>False</CheckCalendarEvent>
            <isNull>True</isNull>
            <Description />
            <Address />
            <YCoordinate>40.015</YCoordinate>
            <XCoordinate>105.2705</XCoordinate>
          </Location>
          <Enabled>True</Enabled>
          <ID>1227_7_0_0</ID>
          <Name>TestCalendarEvent-80e4ff44-3d93-4030-9197-6cf26ca12521</Name>
          <StartTime>10/23/2016 4:08:00 AM</StartTime>
          <PreDeadline>00:00:00</PreDeadline>
          <DeletionCount>0</DeletionCount>
          <CompletionCount>0</CompletionCount>
          <PrepTime>00:00:00</PrepTime>
          <Deadline>10/23/2016 5:08:00 AM</Deadline>
          <Split>1</Split>
          <Duration>01:00:00</Duration>
          <RigidFlag>True</RigidFlag>
          <EventSubSchedules>
            <EventSubSchedule>
              <PauseInformation>
                <UsedUpTime>00:00:00</UsedUpTime>
                <PauseTime>1/1/0001 12:00:00 AM +00:00</PauseTime>
              </PauseInformation>
              <Restricted>False</Restricted>
              <TimePositionReasons />
              <ConflictProfile>
                <ConflictIDs />
                <Flag>False</Flag>
                <Type>0</Type>
              </ConflictProfile>
              <MiscData>
                <TypeSelection>0</TypeSelection>
                <UserNote />
              </MiscData>
              <UIParams>
                <Type>0</Type>
                <Color>
                  <UserSelection>-1</UserSelection>
                  <Blue>127</Blue>
                  <Green>127</Green>
                  <Red>127</Red>
                  <Opacity>1</Opacity>
                </Color>
                <Visible>True</Visible>
              </UIParams>
              <Location>
                <CheckCalendarEvent>False</CheckCalendarEvent>
                <isNull>True</isNull>
                <Description />
                <Address />
                <YCoordinate>40.015</YCoordinate>
                <XCoordinate>105.2705</XCoordinate>
              </Location>
              <Complete>False</Complete>
              <Enabled>True</Enabled>
              <ID>1227_7_0_1228</ID>
              <Rigid>True</Rigid>
              <ThirdPartyID />
              <PrepTime>00:00:00</PrepTime>
              <ActiveStartTime>10/23/2016 4:08:46 AM</ActiveStartTime>
              <ActiveEndTime>10/23/2016 5:08:46 AM</ActiveEndTime>
              <Duration>01:00:00</Duration>
              <StartTime>10/23/2016 4:08:46 AM</StartTime>
              <EndTime>10/23/2016 5:08:46 AM</EndTime>
            </EventSubSchedule>
          </EventSubSchedules>
          <RepetitionFlag>False</RepetitionFlag>
          <Completed>False</Completed>
        </EventSchedule>
        <EventSchedule>
          <Recurrence />
          <ProcrastinationProfile>
            <ProcrastinationPreferredStart>1/1/0001 12:00:00 AM +00:00</ProcrastinationPreferredStart>
            <ProcrastinationDislikedStart>1/1/0001 12:00:00 AM +00:00</ProcrastinationDislikedStart>
            <ProcrastinationDislikedDaySection>0</ProcrastinationDislikedDaySection>
          </ProcrastinationProfile>
          <NowProfile>
            <Initialized>False</Initialized>
            <PreferredStart>1/1/0001 12:00:00 AM +00:00</PreferredStart>
          </NowProfile>
          <Restricted>False</Restricted>
          <MiscData>
            <TypeSelection>0</TypeSelection>
            <UserNote />
          </MiscData>
          <UIParams>
            <Type>0</Type>
            <Color>
              <UserSelection>-1</UserSelection>
              <Blue>127</Blue>
              <Green>127</Green>
              <Red>127</Red>
              <Opacity>1</Opacity>
            </Color>
            <Visible>True</Visible>
          </UIParams>
          <Location>
            <CheckCalendarEvent>False</CheckCalendarEvent>
            <isNull>True</isNull>
            <Description />
            <Address />
            <YCoordinate>40.015</YCoordinate>
            <XCoordinate>105.2705</XCoordinate>
          </Location>
          <Enabled>True</Enabled>
          <ID>1235_7_0_0</ID>
          <Name>TestCalendarEvent-1bbd5d7f-a9f6-4159-8105-338022139f65</Name>
          <StartTime>10/23/2016 4:08:00 AM</StartTime>
          <PreDeadline>00:00:00</PreDeadline>
          <DeletionCount>0</DeletionCount>
          <CompletionCount>0</CompletionCount>
          <PrepTime>00:00:00</PrepTime>
          <Deadline>10/23/2016 5:08:00 AM</Deadline>
          <Split>1</Split>
          <Duration>01:00:00</Duration>
          <RigidFlag>True</RigidFlag>
          <EventSubSchedules>
            <EventSubSchedule>
              <PauseInformation>
                <UsedUpTime>00:00:00</UsedUpTime>
                <PauseTime>1/1/0001 12:00:00 AM +00:00</PauseTime>
              </PauseInformation>
              <Restricted>False</Restricted>
              <TimePositionReasons />
              <ConflictProfile>
                <ConflictIDs />
                <Flag>False</Flag>
                <Type>0</Type>
              </ConflictProfile>
              <MiscData>
                <TypeSelection>0</TypeSelection>
                <UserNote />
              </MiscData>
              <UIParams>
                <Type>0</Type>
                <Color>
                  <UserSelection>-1</UserSelection>
                  <Blue>127</Blue>
                  <Green>127</Green>
                  <Red>127</Red>
                  <Opacity>1</Opacity>
                </Color>
                <Visible>True</Visible>
              </UIParams>
              <Location>
                <CheckCalendarEvent>False</CheckCalendarEvent>
                <isNull>True</isNull>
                <Description />
                <Address />
                <YCoordinate>40.015</YCoordinate>
                <XCoordinate>105.2705</XCoordinate>
              </Location>
              <Complete>False</Complete>
              <Enabled>True</Enabled>
              <ID>1235_7_0_1236</ID>
              <Rigid>True</Rigid>
              <ThirdPartyID />
              <PrepTime>00:00:00</PrepTime>
              <ActiveStartTime>10/23/2016 4:08:46 AM</ActiveStartTime>
              <ActiveEndTime>10/23/2016 5:08:46 AM</ActiveEndTime>
              <Duration>01:00:00</Duration>
              <StartTime>10/23/2016 4:08:46 AM</StartTime>
              <EndTime>10/23/2016 5:08:46 AM</EndTime>
            </EventSubSchedule>
          </EventSubSchedules>
          <RepetitionFlag>False</RepetitionFlag>
          <Completed>False</Completed>
        </EventSchedule>
        <EventSchedule>
          <Recurrence />
          <ProcrastinationProfile>
            <ProcrastinationPreferredStart>1/1/0001 12:00:00 AM +00:00</ProcrastinationPreferredStart>
            <ProcrastinationDislikedStart>1/1/0001 12:00:00 AM +00:00</ProcrastinationDislikedStart>
            <ProcrastinationDislikedDaySection>0</ProcrastinationDislikedDaySection>
          </ProcrastinationProfile>
          <NowProfile>
            <Initialized>False</Initialized>
            <PreferredStart>1/1/0001 12:00:00 AM +00:00</PreferredStart>
          </NowProfile>
          <Restricted>False</Restricted>
          <MiscData>
            <TypeSelection>0</TypeSelection>
            <UserNote />
          </MiscData>
          <UIParams>
            <Type>0</Type>
            <Color>
              <UserSelection>-1</UserSelection>
              <Blue>127</Blue>
              <Green>127</Green>
              <Red>127</Red>
              <Opacity>1</Opacity>
            </Color>
            <Visible>True</Visible>
          </UIParams>
          <Location>
            <CheckCalendarEvent>False</CheckCalendarEvent>
            <isNull>True</isNull>
            <Description />
            <Address />
            <YCoordinate>40.015</YCoordinate>
            <XCoordinate>105.2705</XCoordinate>
          </Location>
          <Enabled>True</Enabled>
          <ID>1243_7_0_0</ID>
          <Name>TestCalendarEvent-aa823993-3631-4373-8742-5ef1ea374e0b</Name>
          <StartTime>10/23/2016 4:13:00 AM</StartTime>
          <PreDeadline>00:00:00</PreDeadline>
          <DeletionCount>0</DeletionCount>
          <CompletionCount>0</CompletionCount>
          <PrepTime>00:00:00</PrepTime>
          <Deadline>10/23/2016 5:13:00 AM</Deadline>
          <Split>1</Split>
          <Duration>01:00:00</Duration>
          <RigidFlag>True</RigidFlag>
          <EventSubSchedules>
            <EventSubSchedule>
              <PauseInformation>
                <UsedUpTime>00:00:00</UsedUpTime>
                <PauseTime>1/1/0001 12:00:00 AM +00:00</PauseTime>
              </PauseInformation>
              <Restricted>False</Restricted>
              <TimePositionReasons />
              <ConflictProfile>
                <ConflictIDs />
                <Flag>False</Flag>
                <Type>0</Type>
              </ConflictProfile>
              <MiscData>
                <TypeSelection>0</TypeSelection>
                <UserNote />
              </MiscData>
              <UIParams>
                <Type>0</Type>
                <Color>
                  <UserSelection>-1</UserSelection>
                  <Blue>127</Blue>
                  <Green>127</Green>
                  <Red>127</Red>
                  <Opacity>1</Opacity>
                </Color>
                <Visible>True</Visible>
              </UIParams>
              <Location>
                <CheckCalendarEvent>False</CheckCalendarEvent>
                <isNull>True</isNull>
                <Description />
                <Address />
                <YCoordinate>40.015</YCoordinate>
                <XCoordinate>105.2705</XCoordinate>
              </Location>
              <Complete>False</Complete>
              <Enabled>True</Enabled>
              <ID>1243_7_0_1244</ID>
              <Rigid>True</Rigid>
              <ThirdPartyID />
              <PrepTime>00:00:00</PrepTime>
              <ActiveStartTime>10/23/2016 4:13:11 AM</ActiveStartTime>
              <ActiveEndTime>10/23/2016 5:13:11 AM</ActiveEndTime>
              <Duration>01:00:00</Duration>
              <StartTime>10/23/2016 4:13:11 AM</StartTime>
              <EndTime>10/23/2016 5:13:11 AM</EndTime>
            </EventSubSchedule>
          </EventSubSchedules>
          <RepetitionFlag>False</RepetitionFlag>
          <Completed>False</Completed>
        </EventSchedule>
        <EventSchedule>
          <Recurrence />
          <ProcrastinationProfile>
            <ProcrastinationPreferredStart>1/1/0001 12:00:00 AM +00:00</ProcrastinationPreferredStart>
            <ProcrastinationDislikedStart>1/1/0001 12:00:00 AM +00:00</ProcrastinationDislikedStart>
            <ProcrastinationDislikedDaySection>0</ProcrastinationDislikedDaySection>
          </ProcrastinationProfile>
          <NowProfile>
            <Initialized>False</Initialized>
            <PreferredStart>1/1/0001 12:00:00 AM +00:00</PreferredStart>
          </NowProfile>
          <Restricted>False</Restricted>
          <MiscData>
            <TypeSelection>0</TypeSelection>
            <UserNote />
          </MiscData>
          <UIParams>
            <Type>0</Type>
            <Color>
              <UserSelection>-1</UserSelection>
              <Blue>127</Blue>
              <Green>127</Green>
              <Red>127</Red>
              <Opacity>1</Opacity>
            </Color>
            <Visible>True</Visible>
          </UIParams>
          <Location>
            <CheckCalendarEvent>False</CheckCalendarEvent>
            <isNull>True</isNull>
            <Description />
            <Address />
            <YCoordinate>40.015</YCoordinate>
            <XCoordinate>105.2705</XCoordinate>
          </Location>
          <Enabled>True</Enabled>
          <ID>1251_7_0_0</ID>
          <Name>TestCalendarEvent-1f556f09-d8e7-4883-8e85-3c6c0afcc30d</Name>
          <StartTime>10/23/2016 4:13:00 AM</StartTime>
          <PreDeadline>00:00:00</PreDeadline>
          <DeletionCount>0</DeletionCount>
          <CompletionCount>0</CompletionCount>
          <PrepTime>00:00:00</PrepTime>
          <Deadline>10/23/2016 5:13:00 AM</Deadline>
          <Split>1</Split>
          <Duration>01:00:00</Duration>
          <RigidFlag>True</RigidFlag>
          <EventSubSchedules>
            <EventSubSchedule>
              <PauseInformation>
                <UsedUpTime>00:00:00</UsedUpTime>
                <PauseTime>1/1/0001 12:00:00 AM +00:00</PauseTime>
              </PauseInformation>
              <Restricted>False</Restricted>
              <TimePositionReasons />
              <ConflictProfile>
                <ConflictIDs />
                <Flag>False</Flag>
                <Type>0</Type>
              </ConflictProfile>
              <MiscData>
                <TypeSelection>0</TypeSelection>
                <UserNote />
              </MiscData>
              <UIParams>
                <Type>0</Type>
                <Color>
                  <UserSelection>-1</UserSelection>
                  <Blue>127</Blue>
                  <Green>127</Green>
                  <Red>127</Red>
                  <Opacity>1</Opacity>
                </Color>
                <Visible>True</Visible>
              </UIParams>
              <Location>
                <CheckCalendarEvent>False</CheckCalendarEvent>
                <isNull>True</isNull>
                <Description />
                <Address />
                <YCoordinate>40.015</YCoordinate>
                <XCoordinate>105.2705</XCoordinate>
              </Location>
              <Complete>False</Complete>
              <Enabled>True</Enabled>
              <ID>1251_7_0_1252</ID>
              <Rigid>True</Rigid>
              <ThirdPartyID />
              <PrepTime>00:00:00</PrepTime>
              <ActiveStartTime>10/23/2016 4:13:12 AM</ActiveStartTime>
              <ActiveEndTime>10/23/2016 5:13:12 AM</ActiveEndTime>
              <Duration>01:00:00</Duration>
              <StartTime>10/23/2016 4:13:12 AM</StartTime>
              <EndTime>10/23/2016 5:13:12 AM</EndTime>
            </EventSubSchedule>
          </EventSubSchedules>
          <RepetitionFlag>False</RepetitionFlag>
          <Completed>False</Completed>
        </EventSchedule>
        <EventSchedule>
          <Recurrence />
          <ProcrastinationProfile>
            <ProcrastinationPreferredStart>1/1/0001 12:00:00 AM +00:00</ProcrastinationPreferredStart>
            <ProcrastinationDislikedStart>1/1/0001 12:00:00 AM +00:00</ProcrastinationDislikedStart>
            <ProcrastinationDislikedDaySection>0</ProcrastinationDislikedDaySection>
          </ProcrastinationProfile>
          <NowProfile>
            <Initialized>False</Initialized>
            <PreferredStart>1/1/0001 12:00:00 AM +00:00</PreferredStart>
          </NowProfile>
          <Restricted>False</Restricted>
          <MiscData>
            <TypeSelection>0</TypeSelection>
            <UserNote />
          </MiscData>
          <UIParams>
            <Type>0</Type>
            <Color>
              <UserSelection>-1</UserSelection>
              <Blue>127</Blue>
              <Green>127</Green>
              <Red>127</Red>
              <Opacity>1</Opacity>
            </Color>
            <Visible>True</Visible>
          </UIParams>
          <Location>
            <CheckCalendarEvent>False</CheckCalendarEvent>
            <isNull>True</isNull>
            <Description />
            <Address />
            <YCoordinate>40.015</YCoordinate>
            <XCoordinate>105.2705</XCoordinate>
          </Location>
          <Enabled>True</Enabled>
          <ID>1259_7_0_0</ID>
          <Name>TestCalendarEvent-12ac460d-3122-4a36-9a30-5c80dd04a5da</Name>
          <StartTime>10/23/2016 4:14:00 AM</StartTime>
          <PreDeadline>00:00:00</PreDeadline>
          <DeletionCount>0</DeletionCount>
          <CompletionCount>0</CompletionCount>
          <PrepTime>00:00:00</PrepTime>
          <Deadline>10/23/2016 5:14:00 AM</Deadline>
          <Split>1</Split>
          <Duration>01:00:00</Duration>
          <RigidFlag>True</RigidFlag>
          <EventSubSchedules>
            <EventSubSchedule>
              <PauseInformation>
                <UsedUpTime>00:00:00</UsedUpTime>
                <PauseTime>1/1/0001 12:00:00 AM +00:00</PauseTime>
              </PauseInformation>
              <Restricted>False</Restricted>
              <TimePositionReasons />
              <ConflictProfile>
                <ConflictIDs />
                <Flag>False</Flag>
                <Type>0</Type>
              </ConflictProfile>
              <MiscData>
                <TypeSelection>0</TypeSelection>
                <UserNote />
              </MiscData>
              <UIParams>
                <Type>0</Type>
                <Color>
                  <UserSelection>-1</UserSelection>
                  <Blue>127</Blue>
                  <Green>127</Green>
                  <Red>127</Red>
                  <Opacity>1</Opacity>
                </Color>
                <Visible>True</Visible>
              </UIParams>
              <Location>
                <CheckCalendarEvent>False</CheckCalendarEvent>
                <isNull>True</isNull>
                <Description />
                <Address />
                <YCoordinate>40.015</YCoordinate>
                <XCoordinate>105.2705</XCoordinate>
              </Location>
              <Complete>False</Complete>
              <Enabled>True</Enabled>
              <ID>1259_7_0_1260</ID>
              <Rigid>True</Rigid>
              <ThirdPartyID />
              <PrepTime>00:00:00</PrepTime>
              <ActiveStartTime>10/23/2016 4:14:29 AM</ActiveStartTime>
              <ActiveEndTime>10/23/2016 5:14:29 AM</ActiveEndTime>
              <Duration>01:00:00</Duration>
              <StartTime>10/23/2016 4:14:29 AM</StartTime>
              <EndTime>10/23/2016 5:14:29 AM</EndTime>
            </EventSubSchedule>
          </EventSubSchedules>
          <RepetitionFlag>False</RepetitionFlag>
          <Completed>False</Completed>
        </EventSchedule>
        <EventSchedule>
          <Recurrence />
          <ProcrastinationProfile>
            <ProcrastinationPreferredStart>1/1/0001 12:00:00 AM +00:00</ProcrastinationPreferredStart>
            <ProcrastinationDislikedStart>1/1/0001 12:00:00 AM +00:00</ProcrastinationDislikedStart>
            <ProcrastinationDislikedDaySection>0</ProcrastinationDislikedDaySection>
          </ProcrastinationProfile>
          <NowProfile>
            <Initialized>False</Initialized>
            <PreferredStart>1/1/0001 12:00:00 AM +00:00</PreferredStart>
          </NowProfile>
          <Restricted>False</Restricted>
          <MiscData>
            <TypeSelection>0</TypeSelection>
            <UserNote />
          </MiscData>
          <UIParams>
            <Type>0</Type>
            <Color>
              <UserSelection>-1</UserSelection>
              <Blue>127</Blue>
              <Green>127</Green>
              <Red>127</Red>
              <Opacity>1</Opacity>
            </Color>
            <Visible>True</Visible>
          </UIParams>
          <Location>
            <CheckCalendarEvent>False</CheckCalendarEvent>
            <isNull>True</isNull>
            <Description />
            <Address />
            <YCoordinate>40.015</YCoordinate>
            <XCoordinate>105.2705</XCoordinate>
          </Location>
          <Enabled>True</Enabled>
          <ID>1267_7_0_0</ID>
          <Name>TestCalendarEvent-7f2f5965-e718-4a1c-99fa-6a72eea9ac79</Name>
          <StartTime>10/23/2016 4:14:29 AM</StartTime>
          <PreDeadline>00:00:00</PreDeadline>
          <DeletionCount>0</DeletionCount>
          <CompletionCount>0</CompletionCount>
          <PrepTime>00:00:00</PrepTime>
          <Deadline>10/23/2016 5:14:29 AM</Deadline>
          <Split>1</Split>
          <Duration>01:00:00</Duration>
          <RigidFlag>True</RigidFlag>
          <EventSubSchedules>
            <EventSubSchedule>
              <PauseInformation>
                <UsedUpTime>00:00:00</UsedUpTime>
                <PauseTime>1/1/0001 12:00:00 AM +00:00</PauseTime>
              </PauseInformation>
              <Restricted>False</Restricted>
              <TimePositionReasons />
              <ConflictProfile>
                <ConflictIDs />
                <Flag>False</Flag>
                <Type>0</Type>
              </ConflictProfile>
              <MiscData>
                <TypeSelection>0</TypeSelection>
                <UserNote />
              </MiscData>
              <UIParams>
                <Type>0</Type>
                <Color>
                  <UserSelection>-1</UserSelection>
                  <Blue>127</Blue>
                  <Green>127</Green>
                  <Red>127</Red>
                  <Opacity>1</Opacity>
                </Color>
                <Visible>True</Visible>
              </UIParams>
              <Location>
                <CheckCalendarEvent>False</CheckCalendarEvent>
                <isNull>True</isNull>
                <Description />
                <Address />
                <YCoordinate>40.015</YCoordinate>
                <XCoordinate>105.2705</XCoordinate>
              </Location>
              <Complete>False</Complete>
              <Enabled>True</Enabled>
              <ID>1267_7_0_1268</ID>
              <Rigid>True</Rigid>
              <ThirdPartyID />
              <PrepTime>00:00:00</PrepTime>
              <ActiveStartTime>10/23/2016 4:14:29 AM</ActiveStartTime>
              <ActiveEndTime>10/23/2016 5:14:29 AM</ActiveEndTime>
              <Duration>01:00:00</Duration>
              <StartTime>10/23/2016 4:14:29 AM</StartTime>
              <EndTime>10/23/2016 5:14:29 AM</EndTime>
            </EventSubSchedule>
          </EventSubSchedules>
          <RepetitionFlag>False</RepetitionFlag>
          <Completed>False</Completed>
        </EventSchedule>
      </EventSchedules>
      <LocationCache>
        <Locations />
      </LocationCache>
    </ScheduleLog>
  </AfterProcessing>
</BigDataLog>