﻿<?xml version="1.0" encoding="utf-8"?>
<BigDataLog>
  <TimeOfCreation>
    <eventIds />
    <TriggerTimeForEvent>2016-11-13T01:38:41.8846478+00:00</TriggerTimeForEvent>
    <Type>None</Type>
    <Ids />
  </TimeOfCreation>
  <MiscData>
  </MiscData>
  <BeforeProcessing>
    <ScheduleLog>
      <LastIDCounter>1040</LastIDCounter>
      <referenceDay>10:00 PM</referenceDay>
      <EventSchedules>
        <EventSchedule>
          <Recurrence />
          <ProcrastinationProfile>
            <ProcrastinationPreferredStart>1/1/0001 12:00:00 AM +00:00</ProcrastinationPreferredStart>
            <ProcrastinationDislikedStart>1/1/0001 12:00:00 AM +00:00</ProcrastinationDislikedStart>
            <ProcrastinationDislikedDaySection>0</ProcrastinationDislikedDaySection>
          </ProcrastinationProfile>
          <NowProfile>
            <Initialized>False</Initialized>
            <PreferredStart>1/1/0001 12:00:00 AM +00:00</PreferredStart>
          </NowProfile>
          <Restricted>False</Restricted>
          <MiscData>
            <TypeSelection>0</TypeSelection>
            <UserNote />
          </MiscData>
          <UIParams>
            <Type>0</Type>
            <Color>
              <UserSelection>-1</UserSelection>
              <Blue>127</Blue>
              <Green>127</Green>
              <Red>127</Red>
              <Opacity>1</Opacity>
            </Color>
            <Visible>True</Visible>
          </UIParams>
          <Location>
            <CheckCalendarEvent>False</CheckCalendarEvent>
            <isNull>False</isNull>
            <Description>Home</Description>
            <Address>2895 van aken blvd, cleveland, oh 44120, usa</Address>
            <YCoordinate>-81.585446</YCoordinate>
            <XCoordinate>41.480352</XCoordinate>
          </Location>
          <Enabled>True</Enabled>
          <ID>1035_7_0_0</ID>
          <Name>TestCalendarEvent-109b7c74-c344-4e62-ab1f-36c51ee77a50</Name>
          <StartTime>11/13/2016 10:00:00 PM</StartTime>
          <PreDeadline>00:00:00</PreDeadline>
          <DeletionCount>0</DeletionCount>
          <CompletionCount>0</CompletionCount>
          <PrepTime>00:00:00</PrepTime>
          <Deadline>11/14/2016 10:00:00 PM</Deadline>
          <Split>1</Split>
          <Duration>01:00:00</Duration>
          <RigidFlag>False</RigidFlag>
          <EventSubSchedules>
            <EventSubSchedule>
              <PauseInformation>
                <UsedUpTime>00:00:00</UsedUpTime>
                <PauseTime>1/1/0001 12:00:00 AM +00:00</PauseTime>
              </PauseInformation>
              <Restricted>False</Restricted>
              <TimePositionReasons>
                <Reason xsi:type="BestFitReason" xmlns:xsi="http://www.w3.org/2001/XMLSchema-instance">
                  <Option>BestFit</Option>
                  <UsedUp>PT0S</UsedUp>
                  <Available>P1D</Available>
                  <CurrentUse>PT1H</CurrentUse>
                </Reason>
                <Reason xsi:type="LocationReason" xmlns:xsi="http://www.w3.org/2001/XMLSchema-instance">
                  <Option>CloseToCluster</Option>
                  <LocationCluster>
                    <Location_Elements />
                  </LocationCluster>
                </Reason>
              </TimePositionReasons>
              <ConflictProfile>
                <ConflictIDs />
                <Flag>False</Flag>
                <Type>0</Type>
              </ConflictProfile>
              <MiscData>
                <TypeSelection>0</TypeSelection>
                <UserNote />
              </MiscData>
              <UIParams>
                <Type>0</Type>
                <Color>
                  <UserSelection>-1</UserSelection>
                  <Blue>127</Blue>
                  <Green>127</Green>
                  <Red>127</Red>
                  <Opacity>1</Opacity>
                </Color>
                <Visible>True</Visible>
              </UIParams>
              <Location>
                <CheckCalendarEvent>False</CheckCalendarEvent>
                <isNull>False</isNull>
                <Description>Home</Description>
                <Address>2895 van aken blvd, cleveland, oh 44120, usa</Address>
                <YCoordinate>-81.585446</YCoordinate>
                <XCoordinate>41.480352</XCoordinate>
              </Location>
              <Complete>False</Complete>
              <Enabled>True</Enabled>
              <ID>1035_7_0_1036</ID>
              <Rigid>False</Rigid>
              <ThirdPartyID />
              <PrepTime>00:00:00</PrepTime>
              <ActiveStartTime>11/14/2016 7:00:00 AM</ActiveStartTime>
              <ActiveEndTime>11/14/2016 8:00:00 AM</ActiveEndTime>
              <Duration>01:00:00</Duration>
              <StartTime>11/14/2016 7:00:00 AM</StartTime>
              <EndTime>11/14/2016 8:00:00 AM</EndTime>
            </EventSubSchedule>
          </EventSubSchedules>
          <RepetitionFlag>False</RepetitionFlag>
          <Completed>False</Completed>
        </EventSchedule>
        <EventSchedule>
          <Recurrence />
          <ProcrastinationProfile>
            <ProcrastinationPreferredStart>1/1/0001 12:00:00 AM +00:00</ProcrastinationPreferredStart>
            <ProcrastinationDislikedStart>1/1/0001 12:00:00 AM +00:00</ProcrastinationDislikedStart>
            <ProcrastinationDislikedDaySection>0</ProcrastinationDislikedDaySection>
          </ProcrastinationProfile>
          <NowProfile>
            <Initialized>False</Initialized>
            <PreferredStart>1/1/0001 12:00:00 AM +00:00</PreferredStart>
          </NowProfile>
          <Restricted>False</Restricted>
          <MiscData>
            <TypeSelection>0</TypeSelection>
            <UserNote />
          </MiscData>
          <UIParams>
            <Type>0</Type>
            <Color>
              <UserSelection>-1</UserSelection>
              <Blue>127</Blue>
              <Green>127</Green>
              <Red>127</Red>
              <Opacity>1</Opacity>
            </Color>
            <Visible>True</Visible>
          </UIParams>
          <Location>
            <CheckCalendarEvent>False</CheckCalendarEvent>
            <isNull>False</isNull>
            <Description>Home</Description>
            <Address>2895 van aken blvd, cleveland, oh 44120, usa</Address>
            <YCoordinate>-81.585446</YCoordinate>
            <XCoordinate>41.480352</XCoordinate>
          </Location>
          <Enabled>True</Enabled>
          <ID>1037_7_0_0</ID>
          <Name>TestCalendarEvent-15cb3411-4f89-43f0-9ccc-e2dc0ce083a4</Name>
          <StartTime>11/15/2016 8:54:00 PM</StartTime>
          <PreDeadline>00:00:00</PreDeadline>
          <DeletionCount>0</DeletionCount>
          <CompletionCount>0</CompletionCount>
          <PrepTime>00:00:00</PrepTime>
          <Deadline>11/15/2016 10:00:00 PM</Deadline>
          <Split>1</Split>
          <Duration>01:00:00</Duration>
          <RigidFlag>False</RigidFlag>
          <EventSubSchedules>
            <EventSubSchedule>
              <PauseInformation>
                <UsedUpTime>00:00:00</UsedUpTime>
                <PauseTime>1/1/0001 12:00:00 AM +00:00</PauseTime>
              </PauseInformation>
              <Restricted>False</Restricted>
              <TimePositionReasons>
                <Reason xsi:type="BestFitReason" xmlns:xsi="http://www.w3.org/2001/XMLSchema-instance">
                  <Option>BestFit</Option>
                  <UsedUp>PT0S</UsedUp>
                  <Available>P1D</Available>
                  <CurrentUse>PT1H</CurrentUse>
                </Reason>
                <Reason xsi:type="LocationReason" xmlns:xsi="http://www.w3.org/2001/XMLSchema-instance">
                  <Option>CloseToCluster</Option>
                  <LocationCluster>
                    <Location_Elements />
                  </LocationCluster>
                </Reason>
              </TimePositionReasons>
              <ConflictProfile>
                <ConflictIDs />
                <Flag>False</Flag>
                <Type>0</Type>
              </ConflictProfile>
              <MiscData>
                <TypeSelection>0</TypeSelection>
                <UserNote />
              </MiscData>
              <UIParams>
                <Type>0</Type>
                <Color>
                  <UserSelection>-1</UserSelection>
                  <Blue>127</Blue>
                  <Green>127</Green>
                  <Red>127</Red>
                  <Opacity>1</Opacity>
                </Color>
                <Visible>True</Visible>
              </UIParams>
              <Location>
                <CheckCalendarEvent>False</CheckCalendarEvent>
                <isNull>False</isNull>
                <Description>Home</Description>
                <Address>2895 van aken blvd, cleveland, oh 44120, usa</Address>
                <YCoordinate>-81.585446</YCoordinate>
                <XCoordinate>41.480352</XCoordinate>
              </Location>
              <Complete>False</Complete>
              <Enabled>True</Enabled>
              <ID>1037_7_0_1038</ID>
              <Rigid>False</Rigid>
              <ThirdPartyID />
              <PrepTime>00:00:00</PrepTime>
              <ActiveStartTime>11/15/2016 8:54:00 PM</ActiveStartTime>
              <ActiveEndTime>11/15/2016 9:54:00 PM</ActiveEndTime>
              <Duration>01:00:00</Duration>
              <StartTime>11/15/2016 8:54:00 PM</StartTime>
              <EndTime>11/15/2016 9:54:00 PM</EndTime>
            </EventSubSchedule>
          </EventSubSchedules>
          <RepetitionFlag>False</RepetitionFlag>
          <Completed>False</Completed>
        </EventSchedule>
      </EventSchedules>
      <LocationCache>
        <Locations>
          <Location>
            <CachedName>work</CachedName>
            <LocationID>d7ecd36d-cbfe-4556-9fd1-8fd92792506b</LocationID>
            <CheckCalendarEvent>False</CheckCalendarEvent>
            <isNull>False</isNull>
            <Description>Work</Description>
            <Address>1228 euclid Ave cleveland OH</Address>
            <YCoordinate>-81.6839155</YCoordinate>
            <XCoordinate>41.5002762</XCoordinate>
          </Location>
          <Location>
            <CachedName>gym</CachedName>
            <LocationID>27e8eaac-a7ab-49f3-b0b3-593a86ce7ead</LocationID>
            <CheckCalendarEvent>False</CheckCalendarEvent>
            <isNull>False</isNull>
            <Description>Gym</Description>
            <Address>619 Prospect Avenue Cleveland, OH 44115</Address>
            <YCoordinate>-81.6884993</YCoordinate>
            <XCoordinate>41.4987461</XCoordinate>
          </Location>
          <Location>
            <CachedName>2895 van aken blvd cleveland oh 44120</CachedName>
            <LocationID>d1d4c0ba-2df2-42a7-a5d4-91657fc55372</LocationID>
            <CheckCalendarEvent>False</CheckCalendarEvent>
            <isNull>False</isNull>
            <Description>2895 Van aken Blvd cleveland OH 44120</Description>
            <Address>2895 van aken blvd, cleveland, oh 44120, usa</Address>
            <YCoordinate>-81.585446</YCoordinate>
            <XCoordinate>41.480352</XCoordinate>
          </Location>
          <Location>
            <CachedName>home</CachedName>
            <LocationID>2206ce29-34a3-4c17-af60-99777170bc56</LocationID>
            <CheckCalendarEvent>False</CheckCalendarEvent>
            <isNull>False</isNull>
            <Description>Home</Description>
            <Address>2895 van aken blvd, cleveland, oh 44120, usa</Address>
            <YCoordinate>-81.585446</YCoordinate>
            <XCoordinate>41.480352</XCoordinate>
          </Location>
        </Locations>
      </LocationCache>
    </ScheduleLog>
  </BeforeProcessing>
  <AfterProcessing>
    <ScheduleLog>
      <LastIDCounter>1040</LastIDCounter>
      <referenceDay>10:00 PM</referenceDay>
      <EventSchedules>
        <EventSchedule>
          <Recurrence />
          <ProcrastinationProfile>
            <ProcrastinationPreferredStart>1/1/0001 12:00:00 AM +00:00</ProcrastinationPreferredStart>
            <ProcrastinationDislikedStart>1/1/0001 12:00:00 AM +00:00</ProcrastinationDislikedStart>
            <ProcrastinationDislikedDaySection>0</ProcrastinationDislikedDaySection>
          </ProcrastinationProfile>
          <NowProfile>
            <Initialized>False</Initialized>
            <PreferredStart>1/1/0001 12:00:00 AM +00:00</PreferredStart>
          </NowProfile>
          <Restricted>False</Restricted>
          <MiscData>
            <TypeSelection>0</TypeSelection>
            <UserNote />
          </MiscData>
          <UIParams>
            <Type>0</Type>
            <Color>
              <UserSelection>-1</UserSelection>
              <Blue>127</Blue>
              <Green>127</Green>
              <Red>127</Red>
              <Opacity>1</Opacity>
            </Color>
            <Visible>True</Visible>
          </UIParams>
          <Location>
            <CheckCalendarEvent>False</CheckCalendarEvent>
            <isNull>False</isNull>
            <Description>Home</Description>
            <Address>2895 van aken blvd, cleveland, oh 44120, usa</Address>
            <YCoordinate>-81.585446</YCoordinate>
            <XCoordinate>41.480352</XCoordinate>
          </Location>
          <Enabled>True</Enabled>
          <ID>1035_7_0_0</ID>
          <Name>TestCalendarEvent-109b7c74-c344-4e62-ab1f-36c51ee77a50</Name>
          <StartTime>11/13/2016 10:00:00 PM</StartTime>
          <PreDeadline>00:00:00</PreDeadline>
          <DeletionCount>0</DeletionCount>
          <CompletionCount>0</CompletionCount>
          <PrepTime>00:00:00</PrepTime>
          <Deadline>11/14/2016 10:00:00 PM</Deadline>
          <Split>1</Split>
          <Duration>01:00:00</Duration>
          <RigidFlag>False</RigidFlag>
          <EventSubSchedules>
            <EventSubSchedule>
              <PauseInformation>
                <UsedUpTime>00:00:00</UsedUpTime>
                <PauseTime>1/1/0001 12:00:00 AM +00:00</PauseTime>
              </PauseInformation>
              <Restricted>False</Restricted>
              <TimePositionReasons>
                <Reason xsi:type="BestFitReason" xmlns:xsi="http://www.w3.org/2001/XMLSchema-instance">
                  <Option>BestFit</Option>
                  <UsedUp>PT0S</UsedUp>
                  <Available>P1D</Available>
                  <CurrentUse>PT1H</CurrentUse>
                </Reason>
                <Reason xsi:type="LocationReason" xmlns:xsi="http://www.w3.org/2001/XMLSchema-instance">
                  <Option>CloseToCluster</Option>
                  <LocationCluster>
                    <Location_Elements />
                  </LocationCluster>
                </Reason>
              </TimePositionReasons>
              <ConflictProfile>
                <ConflictIDs />
                <Flag>False</Flag>
                <Type>0</Type>
              </ConflictProfile>
              <MiscData>
                <TypeSelection>0</TypeSelection>
                <UserNote />
              </MiscData>
              <UIParams>
                <Type>0</Type>
                <Color>
                  <UserSelection>-1</UserSelection>
                  <Blue>127</Blue>
                  <Green>127</Green>
                  <Red>127</Red>
                  <Opacity>1</Opacity>
                </Color>
                <Visible>True</Visible>
              </UIParams>
              <Location>
                <CheckCalendarEvent>False</CheckCalendarEvent>
                <isNull>False</isNull>
                <Description>Home</Description>
                <Address>2895 van aken blvd, cleveland, oh 44120, usa</Address>
                <YCoordinate>-81.585446</YCoordinate>
                <XCoordinate>41.480352</XCoordinate>
              </Location>
              <Complete>False</Complete>
              <Enabled>True</Enabled>
              <ID>1035_7_0_1036</ID>
              <Rigid>False</Rigid>
              <ThirdPartyID />
              <PrepTime>00:00:00</PrepTime>
              <ActiveStartTime>11/14/2016 7:00:00 AM</ActiveStartTime>
              <ActiveEndTime>11/14/2016 8:00:00 AM</ActiveEndTime>
              <Duration>01:00:00</Duration>
              <StartTime>11/14/2016 7:00:00 AM</StartTime>
              <EndTime>11/14/2016 8:00:00 AM</EndTime>
            </EventSubSchedule>
          </EventSubSchedules>
          <RepetitionFlag>False</RepetitionFlag>
          <Completed>False</Completed>
        </EventSchedule>
        <EventSchedule>
          <Recurrence />
          <ProcrastinationProfile>
            <ProcrastinationPreferredStart>1/1/0001 12:00:00 AM +00:00</ProcrastinationPreferredStart>
            <ProcrastinationDislikedStart>1/1/0001 12:00:00 AM +00:00</ProcrastinationDislikedStart>
            <ProcrastinationDislikedDaySection>0</ProcrastinationDislikedDaySection>
          </ProcrastinationProfile>
          <NowProfile>
            <Initialized>False</Initialized>
            <PreferredStart>1/1/0001 12:00:00 AM +00:00</PreferredStart>
          </NowProfile>
          <Restricted>False</Restricted>
          <MiscData>
            <TypeSelection>0</TypeSelection>
            <UserNote />
          </MiscData>
          <UIParams>
            <Type>0</Type>
            <Color>
              <UserSelection>-1</UserSelection>
              <Blue>127</Blue>
              <Green>127</Green>
              <Red>127</Red>
              <Opacity>1</Opacity>
            </Color>
            <Visible>True</Visible>
          </UIParams>
          <Location>
            <CheckCalendarEvent>False</CheckCalendarEvent>
            <isNull>False</isNull>
            <Description>Home</Description>
            <Address>2895 van aken blvd, cleveland, oh 44120, usa</Address>
            <YCoordinate>-81.585446</YCoordinate>
            <XCoordinate>41.480352</XCoordinate>
          </Location>
          <Enabled>True</Enabled>
          <ID>1037_7_0_0</ID>
          <Name>TestCalendarEvent-15cb3411-4f89-43f0-9ccc-e2dc0ce083a4</Name>
          <StartTime>11/15/2016 8:54:00 PM</StartTime>
          <PreDeadline>00:00:00</PreDeadline>
          <DeletionCount>0</DeletionCount>
          <CompletionCount>0</CompletionCount>
          <PrepTime>00:00:00</PrepTime>
          <Deadline>11/15/2016 10:00:00 PM</Deadline>
          <Split>1</Split>
          <Duration>01:00:00</Duration>
          <RigidFlag>False</RigidFlag>
          <EventSubSchedules>
            <EventSubSchedule>
              <PauseInformation>
                <UsedUpTime>00:00:00</UsedUpTime>
                <PauseTime>1/1/0001 12:00:00 AM +00:00</PauseTime>
              </PauseInformation>
              <Restricted>False</Restricted>
              <TimePositionReasons>
                <Reason xsi:type="BestFitReason" xmlns:xsi="http://www.w3.org/2001/XMLSchema-instance">
                  <Option>BestFit</Option>
                  <UsedUp>PT0S</UsedUp>
                  <Available>P1D</Available>
                  <CurrentUse>PT1H</CurrentUse>
                </Reason>
                <Reason xsi:type="LocationReason" xmlns:xsi="http://www.w3.org/2001/XMLSchema-instance">
                  <Option>CloseToCluster</Option>
                  <LocationCluster>
                    <Location_Elements />
                  </LocationCluster>
                </Reason>
              </TimePositionReasons>
              <ConflictProfile>
                <ConflictIDs />
                <Flag>False</Flag>
                <Type>0</Type>
              </ConflictProfile>
              <MiscData>
                <TypeSelection>0</TypeSelection>
                <UserNote />
              </MiscData>
              <UIParams>
                <Type>0</Type>
                <Color>
                  <UserSelection>-1</UserSelection>
                  <Blue>127</Blue>
                  <Green>127</Green>
                  <Red>127</Red>
                  <Opacity>1</Opacity>
                </Color>
                <Visible>True</Visible>
              </UIParams>
              <Location>
                <CheckCalendarEvent>False</CheckCalendarEvent>
                <isNull>False</isNull>
                <Description>Home</Description>
                <Address>2895 van aken blvd, cleveland, oh 44120, usa</Address>
                <YCoordinate>-81.585446</YCoordinate>
                <XCoordinate>41.480352</XCoordinate>
              </Location>
              <Complete>False</Complete>
              <Enabled>True</Enabled>
              <ID>1037_7_0_1038</ID>
              <Rigid>False</Rigid>
              <ThirdPartyID />
              <PrepTime>00:00:00</PrepTime>
              <ActiveStartTime>11/15/2016 8:54:00 PM</ActiveStartTime>
              <ActiveEndTime>11/15/2016 9:54:00 PM</ActiveEndTime>
              <Duration>01:00:00</Duration>
              <StartTime>11/15/2016 8:54:00 PM</StartTime>
              <EndTime>11/15/2016 9:54:00 PM</EndTime>
            </EventSubSchedule>
          </EventSubSchedules>
          <RepetitionFlag>False</RepetitionFlag>
          <Completed>False</Completed>
        </EventSchedule>
        <EventSchedule>
          <Recurrence />
          <ProcrastinationProfile>
            <ProcrastinationPreferredStart>1/1/0001 12:00:00 AM +00:00</ProcrastinationPreferredStart>
            <ProcrastinationDislikedStart>1/1/0001 12:00:00 AM +00:00</ProcrastinationDislikedStart>
            <ProcrastinationDislikedDaySection>0</ProcrastinationDislikedDaySection>
          </ProcrastinationProfile>
          <NowProfile>
            <Initialized>False</Initialized>
            <PreferredStart>1/1/0001 12:00:00 AM +00:00</PreferredStart>
          </NowProfile>
          <Restricted>False</Restricted>
          <MiscData>
            <TypeSelection>0</TypeSelection>
            <UserNote />
          </MiscData>
          <UIParams>
            <Type>0</Type>
            <Color>
              <UserSelection>-1</UserSelection>
              <Blue>127</Blue>
              <Green>127</Green>
              <Red>127</Red>
              <Opacity>1</Opacity>
            </Color>
            <Visible>True</Visible>
          </UIParams>
          <Location>
            <CheckCalendarEvent>False</CheckCalendarEvent>
            <isNull>False</isNull>
            <Description>Home</Description>
            <Address>2895 van aken blvd, cleveland, oh 44120, usa</Address>
            <YCoordinate>-81.585446</YCoordinate>
            <XCoordinate>41.480352</XCoordinate>
          </Location>
          <Enabled>True</Enabled>
          <ID>1039_7_0_0</ID>
          <Name>TestCalendarEvent-dfb82ded-6f2b-4043-ba08-6017f9d99965</Name>
          <StartTime>11/15/2016 8:54:00 PM</StartTime>
          <PreDeadline>00:00:00</PreDeadline>
          <DeletionCount>0</DeletionCount>
          <CompletionCount>0</CompletionCount>
          <PrepTime>00:00:00</PrepTime>
          <Deadline>11/16/2016 10:00:00 PM</Deadline>
          <Split>1</Split>
          <Duration>01:00:00</Duration>
          <RigidFlag>False</RigidFlag>
          <EventSubSchedules>
            <EventSubSchedule>
              <PauseInformation>
                <UsedUpTime>00:00:00</UsedUpTime>
                <PauseTime>1/1/0001 12:00:00 AM +00:00</PauseTime>
              </PauseInformation>
              <Restricted>False</Restricted>
              <TimePositionReasons>
                <Reason xsi:type="BestFitReason" xmlns:xsi="http://www.w3.org/2001/XMLSchema-instance">
                  <Option>BestFit</Option>
                  <UsedUp>PT0S</UsedUp>
                  <Available>P1D</Available>
                  <CurrentUse>PT1H</CurrentUse>
                </Reason>
                <Reason xsi:type="LocationReason" xmlns:xsi="http://www.w3.org/2001/XMLSchema-instance">
                  <Option>CloseToCluster</Option>
                  <LocationCluster>
                    <Location_Elements />
                  </LocationCluster>
                </Reason>
              </TimePositionReasons>
              <ConflictProfile>
                <ConflictIDs />
                <Flag>False</Flag>
                <Type>0</Type>
              </ConflictProfile>
              <MiscData>
                <TypeSelection>0</TypeSelection>
                <UserNote />
              </MiscData>
              <UIParams>
                <Type>0</Type>
                <Color>
                  <UserSelection>-1</UserSelection>
                  <Blue>127</Blue>
                  <Green>127</Green>
                  <Red>127</Red>
                  <Opacity>1</Opacity>
                </Color>
                <Visible>True</Visible>
              </UIParams>
              <Location>
                <CheckCalendarEvent>False</CheckCalendarEvent>
                <isNull>False</isNull>
                <Description>Home</Description>
                <Address>2895 van aken blvd, cleveland, oh 44120, usa</Address>
                <YCoordinate>-81.585446</YCoordinate>
                <XCoordinate>41.480352</XCoordinate>
              </Location>
              <Complete>False</Complete>
              <Enabled>True</Enabled>
              <ID>1039_7_0_1040</ID>
              <Rigid>False</Rigid>
              <ThirdPartyID />
              <PrepTime>00:00:00</PrepTime>
              <ActiveStartTime>11/16/2016 7:00:00 AM</ActiveStartTime>
              <ActiveEndTime>11/16/2016 8:00:00 AM</ActiveEndTime>
              <Duration>01:00:00</Duration>
              <StartTime>11/16/2016 7:00:00 AM</StartTime>
              <EndTime>11/16/2016 8:00:00 AM</EndTime>
            </EventSubSchedule>
          </EventSubSchedules>
          <RepetitionFlag>False</RepetitionFlag>
          <Completed>False</Completed>
        </EventSchedule>
      </EventSchedules>
      <LocationCache>
        <Locations>
          <Location>
            <CachedName>work</CachedName>
            <LocationID>d7ecd36d-cbfe-4556-9fd1-8fd92792506b</LocationID>
            <CheckCalendarEvent>False</CheckCalendarEvent>
            <isNull>False</isNull>
            <Description>Work</Description>
            <Address>1228 euclid Ave cleveland OH</Address>
            <YCoordinate>-81.6839155</YCoordinate>
            <XCoordinate>41.5002762</XCoordinate>
          </Location>
          <Location>
            <CachedName>gym</CachedName>
            <LocationID>27e8eaac-a7ab-49f3-b0b3-593a86ce7ead</LocationID>
            <CheckCalendarEvent>False</CheckCalendarEvent>
            <isNull>False</isNull>
            <Description>Gym</Description>
            <Address>619 Prospect Avenue Cleveland, OH 44115</Address>
            <YCoordinate>-81.6884993</YCoordinate>
            <XCoordinate>41.4987461</XCoordinate>
          </Location>
          <Location>
            <CachedName>2895 van aken blvd cleveland oh 44120</CachedName>
            <LocationID>d1d4c0ba-2df2-42a7-a5d4-91657fc55372</LocationID>
            <CheckCalendarEvent>False</CheckCalendarEvent>
            <isNull>False</isNull>
            <Description>2895 Van aken Blvd cleveland OH 44120</Description>
            <Address>2895 van aken blvd, cleveland, oh 44120, usa</Address>
            <YCoordinate>-81.585446</YCoordinate>
            <XCoordinate>41.480352</XCoordinate>
          </Location>
          <Location>
            <CachedName>home</CachedName>
            <LocationID>2206ce29-34a3-4c17-af60-99777170bc56</LocationID>
            <CheckCalendarEvent>False</CheckCalendarEvent>
            <isNull>False</isNull>
            <Description>Home</Description>
            <Address>2895 van aken blvd, cleveland, oh 44120, usa</Address>
            <YCoordinate>-81.585446</YCoordinate>
            <XCoordinate>41.480352</XCoordinate>
          </Location>
        </Locations>
      </LocationCache>
    </ScheduleLog>
  </AfterProcessing>
</BigDataLog>